-- Career Categories
INSERT OR IGNORE INTO "CareerCategory" ("id","slug","nameTr","nameEn","descriptionTr","descriptionEn","icon","colorHex","worldNameTr","worldNameEn","worldImage","heroNameTr","heroNameEn","heroImage","sortOrder","createdAt","updatedAt") VALUES ('cmmgz5uzz00003de8sh915ss3','ai','Yapay Zeka & YZ Uygulamaları','Artificial Intelligence & AI Applications','Yapay zeka, makine öğrenmesi ve derin öğrenme teknolojileri','','🤖','#00d4ff','Zeka Kalesi','AI Fortress','','Kod Büyücüsü','Code Wizard','',1,'2026-03-07T23:49:00.336Z','2026-03-08T00:58:11.262Z');
INSERT OR IGNORE INTO "CareerCategory" ("id","slug","nameTr","nameEn","descriptionTr","descriptionEn","icon","colorHex","worldNameTr","worldNameEn","worldImage","heroNameTr","heroNameEn","heroImage","sortOrder","createdAt","updatedAt") VALUES ('cmmgz5v0b00013de8i0d7os2z','metaverse','Metaverse & Sanal Dünya','Metaverse & Virtual World','Sanal gerçeklik, artırılmış gerçeklik ve metaverse teknolojileri','','🌐','#a855f7','Dijital Medine','Digital Medina','','Dijital Diyar Kurucusu','Digital Realm Founder','',2,'2026-03-07T23:49:00.347Z','2026-03-08T00:58:11.262Z');
INSERT OR IGNORE INTO "CareerCategory" ("id","slug","nameTr","nameEn","descriptionTr","descriptionEn","icon","colorHex","worldNameTr","worldNameEn","worldImage","heroNameTr","heroNameEn","heroImage","sortOrder","createdAt","updatedAt") VALUES ('cmmgz5v0i00023de8ibgmqk5v','data','Veri & Analitik','Data & Analytics','Büyük veri, veri bilimi ve analitik','','📊','#22c55e','Veri Kalesi','Data Fortress','','Veri Kâşifi','Data Explorer','',3,'2026-03-07T23:49:00.354Z','2026-03-08T00:58:11.262Z');
INSERT OR IGNORE INTO "CareerCategory" ("id","slug","nameTr","nameEn","descriptionTr","descriptionEn","icon","colorHex","worldNameTr","worldNameEn","worldImage","heroNameTr","heroNameEn","heroImage","sortOrder","createdAt","updatedAt") VALUES ('cmmgz5v0n00033de8jhsuhjf0','cyber','Siber Güvenlik & Blockchain','Cybersecurity & Blockchain','Siber güvenlik, blockchain ve kriptografi','','🔐','#ef4444','Şifre Burcu','Cipher Bastion','','Siber Kalkan','Cyber Shield','',4,'2026-03-07T23:49:00.360Z','2026-03-08T00:58:11.262Z');
INSERT OR IGNORE INTO "CareerCategory" ("id","slug","nameTr","nameEn","descriptionTr","descriptionEn","icon","colorHex","worldNameTr","worldNameEn","worldImage","heroNameTr","heroNameEn","heroImage","sortOrder","createdAt","updatedAt") VALUES ('cmmgz5v0t00043de86lpi3xh5','robotics','Robotik & Otonom Sistemler','Robotics & Autonomous Systems','Robotik, dron ve otonom araç teknolojileri','','🦾','#f97316','Mekanik Vadi','Mechanical Valley','','Makine Ustası','Machine Master','',5,'2026-03-07T23:49:00.365Z','2026-03-08T00:58:11.262Z');
INSERT OR IGNORE INTO "CareerCategory" ("id","slug","nameTr","nameEn","descriptionTr","descriptionEn","icon","colorHex","worldNameTr","worldNameEn","worldImage","heroNameTr","heroNameEn","heroImage","sortOrder","createdAt","updatedAt") VALUES ('cmmgz5v1000053de8yywvbkja','health','Sağlık & Biyoteknoloji','Health & Biotechnology','Biyoteknoloji, genomik ve dijital sağlık','','🧬','#14b8a6','Şifa Bahçesi','Healing Garden','','Şifa Bilgini','Healing Sage','',6,'2026-03-07T23:49:00.372Z','2026-03-08T00:58:11.262Z');
INSERT OR IGNORE INTO "CareerCategory" ("id","slug","nameTr","nameEn","descriptionTr","descriptionEn","icon","colorHex","worldNameTr","worldNameEn","worldImage","heroNameTr","heroNameEn","heroImage","sortOrder","createdAt","updatedAt") VALUES ('cmmgz5v1700063de8nhtxovqo','environment','Çevre & Sürdürülebilirlik','Environment & Sustainability','Çevre bilimi, sürdürülebilirlik ve yeşil enerji','','🌿','#22c55e','Yeşil Kule','Green Tower','','Yeşil Muhafız','Green Guardian','',7,'2026-03-07T23:49:00.379Z','2026-03-08T00:58:11.262Z');
INSERT OR IGNORE INTO "CareerCategory" ("id","slug","nameTr","nameEn","descriptionTr","descriptionEn","icon","colorHex","worldNameTr","worldNameEn","worldImage","heroNameTr","heroNameEn","heroImage","sortOrder","createdAt","updatedAt") VALUES ('cmmgz5v1d00073de8aipnzlzm','law','Hukuk, Etik & Regülasyon','Law, Ethics & Regulation','Dijital hukuk, YZ etiği ve regülasyon','','⚖️','#f5c518','Adalet Sarayı','Justice Palace','','Adalet Bekçisi','Justice Keeper','',8,'2026-03-07T23:49:00.385Z','2026-03-08T00:58:11.262Z');
INSERT OR IGNORE INTO "CareerCategory" ("id","slug","nameTr","nameEn","descriptionTr","descriptionEn","icon","colorHex","worldNameTr","worldNameEn","worldImage","heroNameTr","heroNameEn","heroImage","sortOrder","createdAt","updatedAt") VALUES ('cmmgz5v1j00083de8kuvh6dqu','marketing','Pazarlama & İletişim','Marketing & Communication','Dijital pazarlama, içerik üretimi ve sosyal medya','','📣','#fb7185','Ses Kalesi','Voice Fortress','','Ses Efsanesi','Voice Legend','',9,'2026-03-07T23:49:00.392Z','2026-03-08T00:58:11.262Z');
INSERT OR IGNORE INTO "CareerCategory" ("id","slug","nameTr","nameEn","descriptionTr","descriptionEn","icon","colorHex","worldNameTr","worldNameEn","worldImage","heroNameTr","heroNameEn","heroImage","sortOrder","createdAt","updatedAt") VALUES ('cmmgz5v1r00093de8hapj843l','education','Eğitim & Koçluk','Education & Coaching','Eğitim teknolojileri, koçluk ve mentorluk','','📚','#f59e0b','Bilgi Tapınağı','Knowledge Temple','','Bilge Mentor','Wise Mentor','',10,'2026-03-07T23:49:00.399Z','2026-03-08T00:58:11.262Z');
INSERT OR IGNORE INTO "CareerCategory" ("id","slug","nameTr","nameEn","descriptionTr","descriptionEn","icon","colorHex","worldNameTr","worldNameEn","worldImage","heroNameTr","heroNameEn","heroImage","sortOrder","createdAt","updatedAt") VALUES ('cmmgz5v1y000a3de8bhy75p72','design','Tasarım & Yaratıcı Sanatlar','Design & Creative Arts','UX/UI tasarım, 3D modelleme ve dijital sanat','','🎨','#c084fc','Sanat Atölyesi','Creative Workshop','','Sanat Ustası','Art Master','',11,'2026-03-07T23:49:00.406Z','2026-03-08T00:58:11.262Z');
INSERT OR IGNORE INTO "CareerCategory" ("id","slug","nameTr","nameEn","descriptionTr","descriptionEn","icon","colorHex","worldNameTr","worldNameEn","worldImage","heroNameTr","heroNameEn","heroImage","sortOrder","createdAt","updatedAt") VALUES ('cmmgz5v25000b3de8ftfzx9fi','finance','Finans & Ekonomi','Finance & Economy','Fintech, kripto ekonomisi ve DeFi','','💰','#eab308','Altın Kasa','Golden Vault','','Altın Stratejist','Golden Strategist','',12,'2026-03-07T23:49:00.413Z','2026-03-08T00:58:11.262Z');
INSERT OR IGNORE INTO "CareerCategory" ("id","slug","nameTr","nameEn","descriptionTr","descriptionEn","icon","colorHex","worldNameTr","worldNameEn","worldImage","heroNameTr","heroNameEn","heroImage","sortOrder","createdAt","updatedAt") VALUES ('cmmgz5v2c000c3de87ksootf2','psychology','Psikoloji & Ruh Sağlığı','Psychology & Mental Health','Psikoloji, dijital terapi ve ruh sağlığı','','🧠','#a78bfa','Zihin Bahçesi','Mind Garden','','Zihin Okuyucu','Mind Reader','',13,'2026-03-07T23:49:00.420Z','2026-03-08T00:58:11.262Z');
INSERT OR IGNORE INTO "CareerCategory" ("id","slug","nameTr","nameEn","descriptionTr","descriptionEn","icon","colorHex","worldNameTr","worldNameEn","worldImage","heroNameTr","heroNameEn","heroImage","sortOrder","createdAt","updatedAt") VALUES ('cmmgz5v2h000d3de8ogkephre','gaming','Oyun & E-Spor','Gaming & E-Sports','Oyun tasarımı, e-spor ve oyun analitiği','','🎮','#ec4899','Arena Stadyumu','Arena Stadium','','Arena Efsanesi','Arena Legend','',14,'2026-03-07T23:49:00.426Z','2026-03-08T00:58:11.262Z');
INSERT OR IGNORE INTO "CareerCategory" ("id","slug","nameTr","nameEn","descriptionTr","descriptionEn","icon","colorHex","worldNameTr","worldNameEn","worldImage","heroNameTr","heroNameEn","heroImage","sortOrder","createdAt","updatedAt") VALUES ('cmmgz5v2n000e3de86klcfk8q','science','İleri Bilim & Uzay','Advanced Science & Space','Kuantum, nanoteknoloji ve uzay bilimi','','🚀','#8b5cf6','Yıldız Gözlemevi','Star Observatory','','Yıldız Kaşifi','Star Explorer','',15,'2026-03-07T23:49:00.431Z','2026-03-08T00:58:11.262Z');
INSERT OR IGNORE INTO "CareerCategory" ("id","slug","nameTr","nameEn","descriptionTr","descriptionEn","icon","colorHex","worldNameTr","worldNameEn","worldImage","heroNameTr","heroNameEn","heroImage","sortOrder","createdAt","updatedAt") VALUES ('cmmgz5v2t000f3de8kx3bdl30','cross','Diğer / Kesişimsel Meslekler','Cross-Disciplinary Careers','Birden fazla alanı kesen kesişimsel meslekler','','⚡','#facc15','Kahraman Kavşağı','Hero Crossroads','','Çok Yönlü Kahraman','Multi-Path Hero','',16,'2026-03-07T23:49:00.438Z','2026-03-08T00:58:11.262Z');

-- Career Jobs
INSERT OR IGNORE INTO "CareerJob" ("id","nameTr","nameEn","descriptionTr","descriptionEn","yearPredicted","realizationStatus","categoryId","sortOrder","createdAt","updatedAt") VALUES ('cmmgz5v31000h3de8i4mk2qkc','Niyet Analisti','Pre-Crime Intent Analyst','','',2026,'NOT_YET','cmmgz5v0i00023de8ibgmqk5v',1,'2026-03-07T23:49:00.445Z','2026-03-08T00:58:11.267Z');
INSERT OR IGNORE INTO "CareerJob" ("id","nameTr","nameEn","descriptionTr","descriptionEn","yearPredicted","realizationStatus","categoryId","sortOrder","createdAt","updatedAt") VALUES ('cmmgz5v37000j3de8nrfegxx0','Simülasyon Dedektifi','Simulation Detective','','',2026,'NOT_YET','cmmgz5v2t000f3de8kx3bdl30',2,'2026-03-07T23:49:00.452Z','2026-03-08T00:58:11.267Z');
INSERT OR IGNORE INTO "CareerJob" ("id","nameTr","nameEn","descriptionTr","descriptionEn","yearPredicted","realizationStatus","categoryId","sortOrder","createdAt","updatedAt") VALUES ('cmmgz5v3d000l3de80o2eq206','Karanlık Ajan Sızdırıcı','Red Teaming Agent','','',2026,'NOT_YET','cmmgz5v2t000f3de8kx3bdl30',3,'2026-03-07T23:49:00.458Z','2026-03-08T00:58:11.267Z');
INSERT OR IGNORE INTO "CareerJob" ("id","nameTr","nameEn","descriptionTr","descriptionEn","yearPredicted","realizationStatus","categoryId","sortOrder","createdAt","updatedAt") VALUES ('cmmgz5v3i000n3de8tx1je9t1','Derin Kurgu Şantaj Müdahale Uzmanı','Deepfake Crisis Specialist','','',2026,'NOT_YET','cmmgz5v2t000f3de8kx3bdl30',4,'2026-03-07T23:49:00.463Z','2026-03-08T00:58:11.267Z');
INSERT OR IGNORE INTO "CareerJob" ("id","nameTr","nameEn","descriptionTr","descriptionEn","yearPredicted","realizationStatus","categoryId","sortOrder","createdAt","updatedAt") VALUES ('cmmgz5v3s000p3de8k6n3e5jo','Veri Zehirlenmesi Müfettişi','Data Poisoning Inspector','','',2026,'NOT_YET','cmmgz5v0i00023de8ibgmqk5v',5,'2026-03-07T23:49:00.472Z','2026-03-08T00:58:11.267Z');
INSERT OR IGNORE INTO "CareerJob" ("id","nameTr","nameEn","descriptionTr","descriptionEn","yearPredicted","realizationStatus","categoryId","sortOrder","createdAt","updatedAt") VALUES ('cmmgz5v3x000r3de8qcqg20yr','Kripto-Adli Tıp Uzmanı','Crypto-Forensic Specialist','','',2026,'NOT_YET','cmmgz5v0n00033de8jhsuhjf0',6,'2026-03-07T23:49:00.477Z','2026-03-08T00:58:11.267Z');
INSERT OR IGNORE INTO "CareerJob" ("id","nameTr","nameEn","descriptionTr","descriptionEn","yearPredicted","realizationStatus","categoryId","sortOrder","createdAt","updatedAt") VALUES ('cmmgz5v41000t3de8a6ihb2kp','Yapay Yalnızlık Terapisti','Artificial Loneliness Therapist','','',2026,'NOT_YET','cmmgz5v2c000c3de87ksootf2',7,'2026-03-07T23:49:00.482Z','2026-03-08T00:58:11.267Z');
INSERT OR IGNORE INTO "CareerJob" ("id","nameTr","nameEn","descriptionTr","descriptionEn","yearPredicted","realizationStatus","categoryId","sortOrder","createdAt","updatedAt") VALUES ('cmmgz5v47000v3de82n8sbla6','Algoritma Yas Danışmanı','Algorithm Grief Counselor','','',2026,'NOT_YET','cmmgz5v2t000f3de8kx3bdl30',8,'2026-03-07T23:49:00.487Z','2026-03-08T00:58:11.267Z');
INSERT OR IGNORE INTO "CareerJob" ("id","nameTr","nameEn","descriptionTr","descriptionEn","yearPredicted","realizationStatus","categoryId","sortOrder","createdAt","updatedAt") VALUES ('cmmgz5v4c000x3de8g45ky73o','Gerçeklik Onaylayıcısı','Reality Certifier','','',2026,'EMERGING','cmmgz5v2t000f3de8kx3bdl30',9,'2026-03-07T23:49:00.492Z','2026-03-08T00:58:11.267Z');
INSERT OR IGNORE INTO "CareerJob" ("id","nameTr","nameEn","descriptionTr","descriptionEn","yearPredicted","realizationStatus","categoryId","sortOrder","createdAt","updatedAt") VALUES ('cmmgz5v4h000z3de8wv42kog8','Sentetik Empati Eğitmeni','Synthetic Empathy Trainer','','',2026,'NOT_YET','cmmgz5v1d00073de8aipnzlzm',10,'2026-03-07T23:49:00.498Z','2026-03-08T00:58:11.267Z');
INSERT OR IGNORE INTO "CareerJob" ("id","nameTr","nameEn","descriptionTr","descriptionEn","yearPredicted","realizationStatus","categoryId","sortOrder","createdAt","updatedAt") VALUES ('cmmgz5v4m00113de8vskwdz1k','Yapay Zeka Destekli Kült Uzmanı','AI-Powered Cult Specialist','','',2026,'NOT_YET','cmmgz5uzz00003de8sh915ss3',11,'2026-03-07T23:49:00.503Z','2026-03-08T00:58:11.267Z');
INSERT OR IGNORE INTO "CareerJob" ("id","nameTr","nameEn","descriptionTr","descriptionEn","yearPredicted","realizationStatus","categoryId","sortOrder","createdAt","updatedAt") VALUES ('cmmgz5v4s00133de83w2666y9','Dijital İzolasyon Mimarı','Digital Isolation Architect','','',2026,'NOT_YET','cmmgz5v1y000a3de8bhy75p72',12,'2026-03-07T23:49:00.508Z','2026-03-08T00:58:11.267Z');
INSERT OR IGNORE INTO "CareerJob" ("id","nameTr","nameEn","descriptionTr","descriptionEn","yearPredicted","realizationStatus","categoryId","sortOrder","createdAt","updatedAt") VALUES ('cmmgz5v4x00153de8qkbueeak','İnsan Onurunu Koruma Memuru (Robotlaştırma Karşıtı)','Human Dignity Protection Officer','','',2026,'NOT_YET','cmmgz5v0t00043de86lpi3xh5',13,'2026-03-07T23:49:00.513Z','2026-03-08T00:58:11.267Z');
INSERT OR IGNORE INTO "CareerJob" ("id","nameTr","nameEn","descriptionTr","descriptionEn","yearPredicted","realizationStatus","categoryId","sortOrder","createdAt","updatedAt") VALUES ('cmmgz5v5300173de8lzti9f9w','Sanal Şiddet Tasfiye Uzmanı','Virtual Violence Purge Specialist','','',2026,'NOT_YET','cmmgz5v0b00013de8i0d7os2z',14,'2026-03-07T23:49:00.519Z','2026-03-08T00:58:11.267Z');
INSERT OR IGNORE INTO "CareerJob" ("id","nameTr","nameEn","descriptionTr","descriptionEn","yearPredicted","realizationStatus","categoryId","sortOrder","createdAt","updatedAt") VALUES ('cmmgz5v5700193de8zo7qjhtq','Dikkat Ekonomisi Rehabilitasyon Uzmanı','Attention Economy Rehabilitation Specialist','','',2026,'NOT_YET','cmmgz5v1700063de8nhtxovqo',15,'2026-03-07T23:49:00.524Z','2026-03-08T00:58:11.267Z');
INSERT OR IGNORE INTO "CareerJob" ("id","nameTr","nameEn","descriptionTr","descriptionEn","yearPredicted","realizationStatus","categoryId","sortOrder","createdAt","updatedAt") VALUES ('cmmgz5v5c001b3de865rw8g3c','Sosyal Puanlama İtiraz Avukatı','Social Scoring Appeals Lawyer','','',2026,'NOT_YET','cmmgz5v1d00073de8aipnzlzm',16,'2026-03-07T23:49:00.528Z','2026-03-08T00:58:11.267Z');
INSERT OR IGNORE INTO "CareerJob" ("id","nameTr","nameEn","descriptionTr","descriptionEn","yearPredicted","realizationStatus","categoryId","sortOrder","createdAt","updatedAt") VALUES ('cmmgz5v5i001d3de8egqcyzpg','Sentetik Nörotoksin İzleyicisi','Synthetic Neurotoxin Tracer/Monitor','','',2026,'NOT_YET','cmmgz5v1d00073de8aipnzlzm',17,'2026-03-07T23:49:00.534Z','2026-03-08T00:58:11.267Z');
INSERT OR IGNORE INTO "CareerJob" ("id","nameTr","nameEn","descriptionTr","descriptionEn","yearPredicted","realizationStatus","categoryId","sortOrder","createdAt","updatedAt") VALUES ('cmmgz5v5m001f3de82wknnr15','Dijital Narkotik Uzmanı','Digital Narcotics Specialist','','',2026,'NOT_YET','cmmgz5v2t000f3de8kx3bdl30',18,'2026-03-07T23:49:00.538Z','2026-03-08T00:58:11.267Z');
INSERT OR IGNORE INTO "CareerJob" ("id","nameTr","nameEn","descriptionTr","descriptionEn","yearPredicted","realizationStatus","categoryId","sortOrder","createdAt","updatedAt") VALUES ('cmmgz5v5r001h3de89eh79yz5','Kişisel Genom Muhafızı','Personal Genome Guardian','','',2026,'NOT_YET','cmmgz5v1000053de8yywvbkja',19,'2026-03-07T23:49:00.543Z','2026-03-08T00:58:11.267Z');
INSERT OR IGNORE INTO "CareerJob" ("id","nameTr","nameEn","descriptionTr","descriptionEn","yearPredicted","realizationStatus","categoryId","sortOrder","createdAt","updatedAt") VALUES ('cmmgz5v5v001j3de85nn4edpt','İnsan-Makine Arayüzü Hijyen Uzmanı','Human-Machine Interface Hygiene Specialist','','',2026,'NOT_YET','cmmgz5v1y000a3de8bhy75p72',20,'2026-03-07T23:49:00.548Z','2026-03-08T00:58:11.267Z');
INSERT OR IGNORE INTO "CareerJob" ("id","nameTr","nameEn","descriptionTr","descriptionEn","yearPredicted","realizationStatus","categoryId","sortOrder","createdAt","updatedAt") VALUES ('cmmgz5v60001l3de8srig8soi','Eko-Terörizm Analisti','Eco-Terrorism Analyst','','',2026,'NOT_YET','cmmgz5v0i00023de8ibgmqk5v',21,'2026-03-07T23:49:00.552Z','2026-03-08T00:58:11.267Z');
INSERT OR IGNORE INTO "CareerJob" ("id","nameTr","nameEn","descriptionTr","descriptionEn","yearPredicted","realizationStatus","categoryId","sortOrder","createdAt","updatedAt") VALUES ('cmmgz5v65001n3de82fnl7e9f','Seçim Botu Avcısı','Election Bot Hunter','','',2026,'NOT_YET','cmmgz5v2t000f3de8kx3bdl30',22,'2026-03-07T23:49:00.558Z','2026-03-08T00:58:11.267Z');
INSERT OR IGNORE INTO "CareerJob" ("id","nameTr","nameEn","descriptionTr","descriptionEn","yearPredicted","realizationStatus","categoryId","sortOrder","createdAt","updatedAt") VALUES ('cmmgz5v6e001p3de877aeequ3','Algoritmik Anayasa Yazarı','Algorithmic Constitution Writer','','',2026,'NOT_YET','cmmgz5v2t000f3de8kx3bdl30',23,'2026-03-07T23:49:00.566Z','2026-03-08T00:58:11.267Z');
INSERT OR IGNORE INTO "CareerJob" ("id","nameTr","nameEn","descriptionTr","descriptionEn","yearPredicted","realizationStatus","categoryId","sortOrder","createdAt","updatedAt") VALUES ('cmmgz5v6m001r3de8guymzor5','Sanal Sınır Koruyucusu','Virtual Border Guard','','',2026,'NOT_YET','cmmgz5v0b00013de8i0d7os2z',24,'2026-03-07T23:49:00.574Z','2026-03-08T00:58:11.267Z');
INSERT OR IGNORE INTO "CareerJob" ("id","nameTr","nameEn","descriptionTr","descriptionEn","yearPredicted","realizationStatus","categoryId","sortOrder","createdAt","updatedAt") VALUES ('cmmgz5v6s001t3de8nmb9b4ul','Dezenformasyon Savaşı Muhabiri','Disinformation Warfare Reporter','','',2026,'NOT_YET','cmmgz5v2t000f3de8kx3bdl30',25,'2026-03-07T23:49:00.581Z','2026-03-08T00:58:11.267Z');
INSERT OR IGNORE INTO "CareerJob" ("id","nameTr","nameEn","descriptionTr","descriptionEn","yearPredicted","realizationStatus","categoryId","sortOrder","createdAt","updatedAt") VALUES ('cmmgz5v6z001v3de8wms6ozfp','Vatandaşlık Puanı Analisti','Citizenship Score Analyst','','',2026,'NOT_YET','cmmgz5v0i00023de8ibgmqk5v',26,'2026-03-07T23:49:00.587Z','2026-03-08T00:58:11.267Z');
INSERT OR IGNORE INTO "CareerJob" ("id","nameTr","nameEn","descriptionTr","descriptionEn","yearPredicted","realizationStatus","categoryId","sortOrder","createdAt","updatedAt") VALUES ('cmmgz5v75001x3de8e3hxvsr2','Veri Mülkiyeti Arabulucusu','Data Property Mediator','','',2026,'NOT_YET','cmmgz5v0i00023de8ibgmqk5v',27,'2026-03-07T23:49:00.593Z','2026-03-08T00:58:11.267Z');
INSERT OR IGNORE INTO "CareerJob" ("id","nameTr","nameEn","descriptionTr","descriptionEn","yearPredicted","realizationStatus","categoryId","sortOrder","createdAt","updatedAt") VALUES ('cmmgz5v7a001z3de82545oowz','Tekno-Diplomat','Techno-Diplomat','','',2026,'NOT_YET','cmmgz5v2t000f3de8kx3bdl30',28,'2026-03-07T23:49:00.599Z','2026-03-08T00:58:11.267Z');
INSERT OR IGNORE INTO "CareerJob" ("id","nameTr","nameEn","descriptionTr","descriptionEn","yearPredicted","realizationStatus","categoryId","sortOrder","createdAt","updatedAt") VALUES ('cmmgz5v7f00213de8zon4xuku','Korku Mühendisi','Fear Engineer','','',2026,'NOT_YET','cmmgz5v2t000f3de8kx3bdl30',29,'2026-03-07T23:49:00.603Z','2026-03-08T00:58:11.267Z');
INSERT OR IGNORE INTO "CareerJob" ("id","nameTr","nameEn","descriptionTr","descriptionEn","yearPredicted","realizationStatus","categoryId","sortOrder","createdAt","updatedAt") VALUES ('cmmgz5v7l00233de8lel1r7jf','Propaganda Estetiği Uzmanı','Propaganda Aesthetics Expert','','',2026,'NOT_YET','cmmgz5v2t000f3de8kx3bdl30',30,'2026-03-07T23:49:00.609Z','2026-03-08T00:58:11.267Z');
INSERT OR IGNORE INTO "CareerJob" ("id","nameTr","nameEn","descriptionTr","descriptionEn","yearPredicted","realizationStatus","categoryId","sortOrder","createdAt","updatedAt") VALUES ('cmmgz5v7r00253de8sadf57dh','Anılar Üzerinden Sanat Terapisti','Art Therapist Through Memories','','',2026,'NOT_YET','cmmgz5v1y000a3de8bhy75p72',31,'2026-03-07T23:49:00.616Z','2026-03-08T00:58:11.267Z');
INSERT OR IGNORE INTO "CareerJob" ("id","nameTr","nameEn","descriptionTr","descriptionEn","yearPredicted","realizationStatus","categoryId","sortOrder","createdAt","updatedAt") VALUES ('cmmgz5v7x00273de8dtgyggec','Sanal İdol Menajeri','Virtual Idol Manager','','',2026,'NOT_YET','cmmgz5v0b00013de8i0d7os2z',32,'2026-03-07T23:49:00.622Z','2026-03-08T00:58:11.267Z');
INSERT OR IGNORE INTO "CareerJob" ("id","nameTr","nameEn","descriptionTr","descriptionEn","yearPredicted","realizationStatus","categoryId","sortOrder","createdAt","updatedAt") VALUES ('cmmgz5v8300293de8j6j1oact','Algoritmik Mimari Eleştirmeni','Algorithmic Architecture Critic','','',2026,'NOT_YET','cmmgz5v1y000a3de8bhy75p72',33,'2026-03-07T23:49:00.628Z','2026-03-08T00:58:11.267Z');
INSERT OR IGNORE INTO "CareerJob" ("id","nameTr","nameEn","descriptionTr","descriptionEn","yearPredicted","realizationStatus","categoryId","sortOrder","createdAt","updatedAt") VALUES ('cmmgz5v88002b3de8eezczja9','Telif Hakkı Simyası Karşıtı Bilirkişi','Copyright Alchemy Anti-Expert','','',2026,'NOT_YET','cmmgz5v2t000f3de8kx3bdl30',34,'2026-03-07T23:49:00.632Z','2026-03-08T00:58:11.267Z');
INSERT OR IGNORE INTO "CareerJob" ("id","nameTr","nameEn","descriptionTr","descriptionEn","yearPredicted","realizationStatus","categoryId","sortOrder","createdAt","updatedAt") VALUES ('cmmgz5v8d002d3de8vus3de3x','Duygu Kaçakçılığı Uzmanı','Emotion Smuggling Expert','','',2026,'NOT_YET','cmmgz5v2t000f3de8kx3bdl30',35,'2026-03-07T23:49:00.638Z','2026-03-08T00:58:11.267Z');
INSERT OR IGNORE INTO "CareerJob" ("id","nameTr","nameEn","descriptionTr","descriptionEn","yearPredicted","realizationStatus","categoryId","sortOrder","createdAt","updatedAt") VALUES ('cmmgz5v8j002f3de8713dujfn','Sentetik Tarih Yazarı','Synthetic History Writer','','',2026,'NOT_YET','cmmgz5v1d00073de8aipnzlzm',36,'2026-03-07T23:49:00.643Z','2026-03-08T00:58:11.267Z');
INSERT OR IGNORE INTO "CareerJob" ("id","nameTr","nameEn","descriptionTr","descriptionEn","yearPredicted","realizationStatus","categoryId","sortOrder","createdAt","updatedAt") VALUES ('cmmgz5v8o002h3de8189xqg7b','Dijital Vasiyet Uygulayıcı','Digital Testament Executor','','',2026,'NOT_YET','cmmgz5v2t000f3de8kx3bdl30',37,'2026-03-07T23:49:00.648Z','2026-03-08T00:58:11.267Z');
INSERT OR IGNORE INTO "CareerJob" ("id","nameTr","nameEn","descriptionTr","descriptionEn","yearPredicted","realizationStatus","categoryId","sortOrder","createdAt","updatedAt") VALUES ('cmmgz5v8t002j3de8w2ga3dx3','Yapay Arkadaş Eşleştirici','Artificial Friend Matcher','','',2026,'NOT_YET','cmmgz5v2t000f3de8kx3bdl30',38,'2026-03-07T23:49:00.654Z','2026-03-08T00:58:11.267Z');
INSERT OR IGNORE INTO "CareerJob" ("id","nameTr","nameEn","descriptionTr","descriptionEn","yearPredicted","realizationStatus","categoryId","sortOrder","createdAt","updatedAt") VALUES ('cmmgz5v8z002l3de8ko7p14td','Algoritmik Grev Kırıcı','Algorithmic Strike Breaker','','',2026,'NOT_YET','cmmgz5v2t000f3de8kx3bdl30',39,'2026-03-07T23:49:00.659Z','2026-03-08T00:58:11.267Z');
INSERT OR IGNORE INTO "CareerJob" ("id","nameTr","nameEn","descriptionTr","descriptionEn","yearPredicted","realizationStatus","categoryId","sortOrder","createdAt","updatedAt") VALUES ('cmmgz5v94002n3de8f2zzisvu','Sentetik Enflasyon Analisti','Synthetic Inflation Analyst','','',2026,'NOT_YET','cmmgz5v0i00023de8ibgmqk5v',40,'2026-03-07T23:49:00.665Z','2026-03-08T00:58:11.267Z');
INSERT OR IGNORE INTO "CareerJob" ("id","nameTr","nameEn","descriptionTr","descriptionEn","yearPredicted","realizationStatus","categoryId","sortOrder","createdAt","updatedAt") VALUES ('cmmgz5v9a002p3de8k2qx7w2n','Kişisel Veri Teminatçısı','Personal Data Guarantor','','',2026,'NOT_YET','cmmgz5v0i00023de8ibgmqk5v',41,'2026-03-07T23:49:00.670Z','2026-03-08T00:58:11.267Z');
INSERT OR IGNORE INTO "CareerJob" ("id","nameTr","nameEn","descriptionTr","descriptionEn","yearPredicted","realizationStatus","categoryId","sortOrder","createdAt","updatedAt") VALUES ('cmmgz5v9g002r3de8mbuwe2lc','No-Code Mentörü','No-Code Mentor','','',2026,'NOT_YET','cmmgz5v2t000f3de8kx3bdl30',42,'2026-03-07T23:49:00.676Z','2026-03-08T00:58:11.267Z');
INSERT OR IGNORE INTO "CareerJob" ("id","nameTr","nameEn","descriptionTr","descriptionEn","yearPredicted","realizationStatus","categoryId","sortOrder","createdAt","updatedAt") VALUES ('cmmgz5van002t3de8r1usk8qa','Yapay Zeka Arka Kapı Avcısı','AI Backdoor Hunter','','',2026,'NOT_YET','cmmgz5uzz00003de8sh915ss3',43,'2026-03-07T23:49:00.719Z','2026-03-08T00:58:11.267Z');
INSERT OR IGNORE INTO "CareerJob" ("id","nameTr","nameEn","descriptionTr","descriptionEn","yearPredicted","realizationStatus","categoryId","sortOrder","createdAt","updatedAt") VALUES ('cmmgz5vav002v3de8hd82751a','Sanal İnziva Rehberi','Virtual Retreat Guide','','',2026,'NOT_YET','cmmgz5v0b00013de8i0d7os2z',44,'2026-03-07T23:49:00.728Z','2026-03-08T00:58:11.267Z');
INSERT OR IGNORE INTO "CareerJob" ("id","nameTr","nameEn","descriptionTr","descriptionEn","yearPredicted","realizationStatus","categoryId","sortOrder","createdAt","updatedAt") VALUES ('cmmgz5vb0002x3de89ubdgg47','Hafıza Seçici','Memory Selector','','',2026,'NOT_YET','cmmgz5v2t000f3de8kx3bdl30',45,'2026-03-07T23:49:00.732Z','2026-03-08T00:58:11.267Z');
INSERT OR IGNORE INTO "CareerJob" ("id","nameTr","nameEn","descriptionTr","descriptionEn","yearPredicted","realizationStatus","categoryId","sortOrder","createdAt","updatedAt") VALUES ('cmmgz5vb6002z3de81xyyca4l','Sentetik Tür Koruma Uzmanı','Synthetic Species Conservation Expert','','',2026,'NOT_YET','cmmgz5v1d00073de8aipnzlzm',46,'2026-03-07T23:49:00.738Z','2026-03-08T00:58:11.267Z');
INSERT OR IGNORE INTO "CareerJob" ("id","nameTr","nameEn","descriptionTr","descriptionEn","yearPredicted","realizationStatus","categoryId","sortOrder","createdAt","updatedAt") VALUES ('cmmgz5vba00313de88k2c1xip','Algoritmik Kader Analisti','Algorithmic Fate Analyst','','',2026,'NOT_YET','cmmgz5v0i00023de8ibgmqk5v',47,'2026-03-07T23:49:00.743Z','2026-03-08T00:58:11.267Z');
INSERT OR IGNORE INTO "CareerJob" ("id","nameTr","nameEn","descriptionTr","descriptionEn","yearPredicted","realizationStatus","categoryId","sortOrder","createdAt","updatedAt") VALUES ('cmmgz5vbf00333de8m9bnfc61','Longevity (Uzun Ömür) Stratejisti','Longevity Strategist','','',2026,'NOT_YET','cmmgz5v2t000f3de8kx3bdl30',48,'2026-03-07T23:49:00.748Z','2026-03-08T00:58:11.267Z');
INSERT OR IGNORE INTO "CareerJob" ("id","nameTr","nameEn","descriptionTr","descriptionEn","yearPredicted","realizationStatus","categoryId","sortOrder","createdAt","updatedAt") VALUES ('cmmgz5vbj00353de8roscszz1','LLM Fine-Tuner (Büyük Dil Modeli İnce Ayar Ustası)','LLM Fine-Tuner','','',2026,'EMERGING','cmmgz5uzz00003de8sh915ss3',49,'2026-03-07T23:49:00.752Z','2026-03-08T00:58:11.267Z');
INSERT OR IGNORE INTO "CareerJob" ("id","nameTr","nameEn","descriptionTr","descriptionEn","yearPredicted","realizationStatus","categoryId","sortOrder","createdAt","updatedAt") VALUES ('cmmgz5vbo00373de8gx2cqqxw','Retro-Teknoloji Bakım Uzmanı','Retro-Technology Maintenance Specialist','','',2026,'NOT_YET','cmmgz5v2t000f3de8kx3bdl30',50,'2026-03-07T23:49:00.757Z','2026-03-08T00:58:11.267Z');
INSERT OR IGNORE INTO "CareerJob" ("id","nameTr","nameEn","descriptionTr","descriptionEn","yearPredicted","realizationStatus","categoryId","sortOrder","createdAt","updatedAt") VALUES ('cmmgz5vbt00393de8g6aleuax','Ajan Orkestra Şefi','AI Agent Orchestrator','','',2026,'EMERGING','cmmgz5v2t000f3de8kx3bdl30',51,'2026-03-07T23:49:00.761Z','2026-03-08T00:58:11.267Z');
INSERT OR IGNORE INTO "CareerJob" ("id","nameTr","nameEn","descriptionTr","descriptionEn","yearPredicted","realizationStatus","categoryId","sortOrder","createdAt","updatedAt") VALUES ('cmmgz5vby003b3de8okh8qfrp','Chatbot Suç Uzmanı','Chatbot Crime Specialist','','',2023,'REALIZED','cmmgz5uzz00003de8sh915ss3',52,'2026-03-07T23:49:00.767Z','2026-03-08T00:58:11.267Z');
INSERT OR IGNORE INTO "CareerJob" ("id","nameTr","nameEn","descriptionTr","descriptionEn","yearPredicted","realizationStatus","categoryId","sortOrder","createdAt","updatedAt") VALUES ('cmmgz5vc3003d3de8enoxvaxp','Düşünce Zinciri Uzmanı','Chain of Thought Specialist','','',2023,'EMERGING','cmmgz5v2t000f3de8kx3bdl30',53,'2026-03-07T23:49:00.771Z','2026-03-08T00:58:11.267Z');
INSERT OR IGNORE INTO "CareerJob" ("id","nameTr","nameEn","descriptionTr","descriptionEn","yearPredicted","realizationStatus","categoryId","sortOrder","createdAt","updatedAt") VALUES ('cmmgz5vc8003f3de80mke9mp3','GenAI Entegrasyon Uzmanı','GenAI Integration Specialist','','',2023,'REALIZED','cmmgz5uzz00003de8sh915ss3',54,'2026-03-07T23:49:00.776Z','2026-03-08T00:58:11.267Z');
INSERT OR IGNORE INTO "CareerJob" ("id","nameTr","nameEn","descriptionTr","descriptionEn","yearPredicted","realizationStatus","categoryId","sortOrder","createdAt","updatedAt") VALUES ('cmmgz5vcc003h3de8v4rbgkyv','GenAI Destekli İş Modeli Geliştirme Uzmanı','GenAI Business Model Development Expert','','',2023,'REALIZED','cmmgz5uzz00003de8sh915ss3',55,'2026-03-07T23:49:00.781Z','2026-03-08T00:58:11.267Z');
INSERT OR IGNORE INTO "CareerJob" ("id","nameTr","nameEn","descriptionTr","descriptionEn","yearPredicted","realizationStatus","categoryId","sortOrder","createdAt","updatedAt") VALUES ('cmmgz5vci003j3de84wvyq9y7','GenAI Destekli Sistem Analist','GenAI Based System Analyst','','',2023,'REALIZED','cmmgz5uzz00003de8sh915ss3',56,'2026-03-07T23:49:00.786Z','2026-03-08T00:58:11.267Z');
INSERT OR IGNORE INTO "CareerJob" ("id","nameTr","nameEn","descriptionTr","descriptionEn","yearPredicted","realizationStatus","categoryId","sortOrder","createdAt","updatedAt") VALUES ('cmmgz5vco003l3de8zui57d4q','Low Code/No Code Uzmanı','Low Code/No Code Expert','','',2023,'REALIZED','cmmgz5v2t000f3de8kx3bdl30',57,'2026-03-07T23:49:00.792Z','2026-03-08T00:58:11.267Z');
INSERT OR IGNORE INTO "CareerJob" ("id","nameTr","nameEn","descriptionTr","descriptionEn","yearPredicted","realizationStatus","categoryId","sortOrder","createdAt","updatedAt") VALUES ('cmmgz5vct003n3de8ved1ejbd','Promt (İstem) Mühendisi','Prompt Engineer','','',2023,'REALIZED','cmmgz5uzz00003de8sh915ss3',58,'2026-03-07T23:49:00.797Z','2026-03-08T00:58:11.268Z');
INSERT OR IGNORE INTO "CareerJob" ("id","nameTr","nameEn","descriptionTr","descriptionEn","yearPredicted","realizationStatus","categoryId","sortOrder","createdAt","updatedAt") VALUES ('cmmgz5vcx003p3de8gw3ati3c','Promt (İstem) Simyacı','Prompt Alchemist','','',2023,'REALIZED','cmmgz5uzz00003de8sh915ss3',59,'2026-03-07T23:49:00.802Z','2026-03-08T00:58:11.268Z');
INSERT OR IGNORE INTO "CareerJob" ("id","nameTr","nameEn","descriptionTr","descriptionEn","yearPredicted","realizationStatus","categoryId","sortOrder","createdAt","updatedAt") VALUES ('cmmgz5vd2003r3de8jvrxdeba','Robo-Psikolog & Robo-Sosyopsikolog','Robopsychologist & Robo-socio-psychologist','','',2023,'NOT_YET','cmmgz5v2t000f3de8kx3bdl30',60,'2026-03-07T23:49:00.807Z','2026-03-08T00:58:11.268Z');
INSERT OR IGNORE INTO "CareerJob" ("id","nameTr","nameEn","descriptionTr","descriptionEn","yearPredicted","realizationStatus","categoryId","sortOrder","createdAt","updatedAt") VALUES ('cmmgz5vd8003t3de8li1igom9','Robot Koordinatörü','Robot Coordinator','','',2023,'NOT_YET','cmmgz5v0t00043de86lpi3xh5',61,'2026-03-07T23:49:00.812Z','2026-03-08T00:58:11.268Z');
INSERT OR IGNORE INTO "CareerJob" ("id","nameTr","nameEn","descriptionTr","descriptionEn","yearPredicted","realizationStatus","categoryId","sortOrder","createdAt","updatedAt") VALUES ('cmmgz5vdd003v3de80guvl5s1','Zeki Yanıltma Kampanya Analisti','Intelligent Disinformation Campaign Analyst','','',2023,'EMERGING','cmmgz5v0i00023de8ibgmqk5v',62,'2026-03-07T23:49:00.817Z','2026-03-08T00:58:11.268Z');
INSERT OR IGNORE INTO "CareerJob" ("id","nameTr","nameEn","descriptionTr","descriptionEn","yearPredicted","realizationStatus","categoryId","sortOrder","createdAt","updatedAt") VALUES ('cmmgz5vdi003x3de82bco810o','Araç Operatörü (Uzaktan)','Remote Vehicle Operator','','',2023,'REALIZED','cmmgz5v2t000f3de8kx3bdl30',63,'2026-03-07T23:49:00.822Z','2026-03-08T00:58:11.268Z');
INSERT OR IGNORE INTO "CareerJob" ("id","nameTr","nameEn","descriptionTr","descriptionEn","yearPredicted","realizationStatus","categoryId","sortOrder","createdAt","updatedAt") VALUES ('cmmgz5vdn003z3de8pi2lvng7','Beceri Güncelleme ve Yeni Beceri Kazandırma Uzmanı','Upskilling & Reskilling Specialist','','',2023,'EMERGING','cmmgz5v1r00093de8hapj843l',64,'2026-03-07T23:49:00.827Z','2026-03-08T00:58:11.268Z');
INSERT OR IGNORE INTO "CareerJob" ("id","nameTr","nameEn","descriptionTr","descriptionEn","yearPredicted","realizationStatus","categoryId","sortOrder","createdAt","updatedAt") VALUES ('cmmgz5vds00413de8z0nv343i','Bilgi Kirliliği Giderme Uzmanı','Information Pollution Remediation Specialist','','',2023,'EMERGING','cmmgz5v2t000f3de8kx3bdl30',65,'2026-03-07T23:49:00.832Z','2026-03-08T00:58:11.268Z');
INSERT OR IGNORE INTO "CareerJob" ("id","nameTr","nameEn","descriptionTr","descriptionEn","yearPredicted","realizationStatus","categoryId","sortOrder","createdAt","updatedAt") VALUES ('cmmgz5vdx00433de8a2h44bep','Bilişsel Bilgi Krizi Yöneticisi','Cognitive Information Crisis Manager','','',2023,'EMERGING','cmmgz5v2t000f3de8kx3bdl30',66,'2026-03-07T23:49:00.838Z','2026-03-08T00:58:11.268Z');
INSERT OR IGNORE INTO "CareerJob" ("id","nameTr","nameEn","descriptionTr","descriptionEn","yearPredicted","realizationStatus","categoryId","sortOrder","createdAt","updatedAt") VALUES ('cmmgz5ve200453de8383gtgaf','Bilişsel Müzikolog','Cognitive Musicologist','','',2023,'NOT_YET','cmmgz5v2t000f3de8kx3bdl30',67,'2026-03-07T23:49:00.842Z','2026-03-08T00:58:11.268Z');
INSERT OR IGNORE INTO "CareerJob" ("id","nameTr","nameEn","descriptionTr","descriptionEn","yearPredicted","realizationStatus","categoryId","sortOrder","createdAt","updatedAt") VALUES ('cmmgz5ve600473de857nh94bj','Bilişsel Siber Güvenlik Analisti','Cognitive Cybersecurity Analyst','','',2023,'NOT_YET','cmmgz5v0i00023de8ibgmqk5v',68,'2026-03-07T23:49:00.847Z','2026-03-08T00:58:11.268Z');
INSERT OR IGNORE INTO "CareerJob" ("id","nameTr","nameEn","descriptionTr","descriptionEn","yearPredicted","realizationStatus","categoryId","sortOrder","createdAt","updatedAt") VALUES ('cmmgz5veb00493de8jkvhh1mj','Çoklu Disiplinli Süper Üretici','Multidisciplinary Super-Creator','','',2023,'EMERGING','cmmgz5v2t000f3de8kx3bdl30',69,'2026-03-07T23:49:00.851Z','2026-03-08T00:58:11.268Z');
INSERT OR IGNORE INTO "CareerJob" ("id","nameTr","nameEn","descriptionTr","descriptionEn","yearPredicted","realizationStatus","categoryId","sortOrder","createdAt","updatedAt") VALUES ('cmmgz5veg004b3de8u3pz4fco','DAO Güvenlik Uzmanı','DAO Security Specialist','','',2023,'REALIZED','cmmgz5v0n00033de8jhsuhjf0',70,'2026-03-07T23:49:00.856Z','2026-03-08T00:58:11.268Z');
INSERT OR IGNORE INTO "CareerJob" ("id","nameTr","nameEn","descriptionTr","descriptionEn","yearPredicted","realizationStatus","categoryId","sortOrder","createdAt","updatedAt") VALUES ('cmmgz5vel004d3de861nt2s50','DAO Yönetim Analisti','DAO Governance Analyst','','',2023,'REALIZED','cmmgz5v0i00023de8ibgmqk5v',71,'2026-03-07T23:49:00.861Z','2026-03-08T00:58:11.268Z');
INSERT OR IGNORE INTO "CareerJob" ("id","nameTr","nameEn","descriptionTr","descriptionEn","yearPredicted","realizationStatus","categoryId","sortOrder","createdAt","updatedAt") VALUES ('cmmgz5vep004f3de8sh2i95nt','Dijital Deneyim Mimarı','Digital Experience Architect','','',2023,'REALIZED','cmmgz5v1y000a3de8bhy75p72',72,'2026-03-07T23:49:00.866Z','2026-03-08T00:58:11.268Z');
INSERT OR IGNORE INTO "CareerJob" ("id","nameTr","nameEn","descriptionTr","descriptionEn","yearPredicted","realizationStatus","categoryId","sortOrder","createdAt","updatedAt") VALUES ('cmmgz5veu004h3de82crd96q1','Dijital Güven Yöneticisi','Digital Trust Investigator','','',2023,'REALIZED','cmmgz5v2t000f3de8kx3bdl30',73,'2026-03-07T23:49:00.871Z','2026-03-08T00:58:11.268Z');
INSERT OR IGNORE INTO "CareerJob" ("id","nameTr","nameEn","descriptionTr","descriptionEn","yearPredicted","realizationStatus","categoryId","sortOrder","createdAt","updatedAt") VALUES ('cmmgz5vez004j3de8g0ikiki5','Dijital Hümanist','Digital Humanist','','',2023,'NOT_YET','cmmgz5v2t000f3de8kx3bdl30',74,'2026-03-07T23:49:00.876Z','2026-03-08T00:58:11.268Z');
INSERT OR IGNORE INTO "CareerJob" ("id","nameTr","nameEn","descriptionTr","descriptionEn","yearPredicted","realizationStatus","categoryId","sortOrder","createdAt","updatedAt") VALUES ('cmmgz5vf4004l3de8bs51mx7v','IoO (Internet of Ownership) Uzmanı','IoO Specialist','','',2023,'NOT_YET','cmmgz5v2t000f3de8kx3bdl30',75,'2026-03-07T23:49:00.880Z','2026-03-08T00:58:11.268Z');
INSERT OR IGNORE INTO "CareerJob" ("id","nameTr","nameEn","descriptionTr","descriptionEn","yearPredicted","realizationStatus","categoryId","sortOrder","createdAt","updatedAt") VALUES ('cmmgz5vf8004n3de8radj5cu2','İçerik Çiftçisi','Content Farmer','','',2023,'REALIZED','cmmgz5v2t000f3de8kx3bdl30',76,'2026-03-07T23:49:00.885Z','2026-03-08T00:58:11.268Z');
INSERT OR IGNORE INTO "CareerJob" ("id","nameTr","nameEn","descriptionTr","descriptionEn","yearPredicted","realizationStatus","categoryId","sortOrder","createdAt","updatedAt") VALUES ('cmmgz5vfd004p3de8wd7qi5nf','Kişisel Asistan - Sanal Alışveriş','Virtual Personal Shopper','','',2023,'REALIZED','cmmgz5v0b00013de8i0d7os2z',77,'2026-03-07T23:49:00.889Z','2026-03-08T00:58:11.268Z');
INSERT OR IGNORE INTO "CareerJob" ("id","nameTr","nameEn","descriptionTr","descriptionEn","yearPredicted","realizationStatus","categoryId","sortOrder","createdAt","updatedAt") VALUES ('cmmgz5vfi004r3de8z9ipzz7h','Kişiselleştirilmiş Haber Küratörü','Personalized News Curator','','',2023,'REALIZED','cmmgz5v2t000f3de8kx3bdl30',78,'2026-03-07T23:49:00.895Z','2026-03-08T00:58:11.268Z');
INSERT OR IGNORE INTO "CareerJob" ("id","nameTr","nameEn","descriptionTr","descriptionEn","yearPredicted","realizationStatus","categoryId","sortOrder","createdAt","updatedAt") VALUES ('cmmgz5vfo004t3de8pnyy7xal','Kişiselleştirilmiş Sanat Terapi Tasarımcı','Personalized Art Therapy Designer','','',2023,'NOT_YET','cmmgz5v1y000a3de8bhy75p72',79,'2026-03-07T23:49:00.900Z','2026-03-08T00:58:11.268Z');
INSERT OR IGNORE INTO "CareerJob" ("id","nameTr","nameEn","descriptionTr","descriptionEn","yearPredicted","realizationStatus","categoryId","sortOrder","createdAt","updatedAt") VALUES ('cmmgz5vft004v3de8c1zulo95','Kişiselleştirilmiş Uyku Koçu','Personalized Sleep Coach','','',2023,'REALIZED','cmmgz5v1r00093de8hapj843l',80,'2026-03-07T23:49:00.905Z','2026-03-08T00:58:11.268Z');
INSERT OR IGNORE INTO "CareerJob" ("id","nameTr","nameEn","descriptionTr","descriptionEn","yearPredicted","realizationStatus","categoryId","sortOrder","createdAt","updatedAt") VALUES ('cmmgz5vfx004x3de8g5dhhmga','MoT (Nesnelerin Metaversi) Uzmanı','MoT (Metaverse of Things) Specialist','','',2023,'NOT_YET','cmmgz5v2t000f3de8kx3bdl30',81,'2026-03-07T23:49:00.910Z','2026-03-08T00:58:11.268Z');
INSERT OR IGNORE INTO "CareerJob" ("id","nameTr","nameEn","descriptionTr","descriptionEn","yearPredicted","realizationStatus","categoryId","sortOrder","createdAt","updatedAt") VALUES ('cmmgz5vg3004z3de83xsk8g9n','Motivasyonel Yaşam Koçu','Motivational Life Coach','','',2023,'REALIZED','cmmgz5v1r00093de8hapj843l',82,'2026-03-07T23:49:00.915Z','2026-03-08T00:58:11.268Z');
INSERT OR IGNORE INTO "CareerJob" ("id","nameTr","nameEn","descriptionTr","descriptionEn","yearPredicted","realizationStatus","categoryId","sortOrder","createdAt","updatedAt") VALUES ('cmmgz5vg800513de8t0xriyew','Nörö-Yapay Zeka Araştırmacı','Neuro-AI Researcher','','',2023,'REALIZED','cmmgz5uzz00003de8sh915ss3',83,'2026-03-07T23:49:00.920Z','2026-03-08T00:58:11.268Z');
INSERT OR IGNORE INTO "CareerJob" ("id","nameTr","nameEn","descriptionTr","descriptionEn","yearPredicted","realizationStatus","categoryId","sortOrder","createdAt","updatedAt") VALUES ('cmmgz5vgd00533de8p2lory0r','Otonom Yaşlı Bakım Mühendisi','Autonomous Elder Care Engineer','','',2023,'REALIZED','cmmgz5v0t00043de86lpi3xh5',84,'2026-03-07T23:49:00.926Z','2026-03-08T00:58:11.268Z');
INSERT OR IGNORE INTO "CareerJob" ("id","nameTr","nameEn","descriptionTr","descriptionEn","yearPredicted","realizationStatus","categoryId","sortOrder","createdAt","updatedAt") VALUES ('cmmgz5vgj00553de8nr4cfdbb','Önkestirimci Spor Analisti','Predictive Sports Analyst','','',2023,'REALIZED','cmmgz5v0i00023de8ibgmqk5v',85,'2026-03-07T23:49:00.931Z','2026-03-08T00:58:11.268Z');
INSERT OR IGNORE INTO "CareerJob" ("id","nameTr","nameEn","descriptionTr","descriptionEn","yearPredicted","realizationStatus","categoryId","sortOrder","createdAt","updatedAt") VALUES ('cmmgz5vgp00573de8198ydh52','Promt Mühendisi (Uzman Seviye)','Prompt Engineer (Advanced)','','',2023,'REALIZED','cmmgz5uzz00003de8sh915ss3',86,'2026-03-07T23:49:00.937Z','2026-03-08T00:58:11.268Z');
INSERT OR IGNORE INTO "CareerJob" ("id","nameTr","nameEn","descriptionTr","descriptionEn","yearPredicted","realizationStatus","categoryId","sortOrder","createdAt","updatedAt") VALUES ('cmmgz5vgu00593de88oz7bvcn','Promt Simyacı (Uzman Seviye)','Prompt Alchemist (Advanced)','','',2023,'REALIZED','cmmgz5uzz00003de8sh915ss3',87,'2026-03-07T23:49:00.942Z','2026-03-08T00:58:11.268Z');
INSERT OR IGNORE INTO "CareerJob" ("id","nameTr","nameEn","descriptionTr","descriptionEn","yearPredicted","realizationStatus","categoryId","sortOrder","createdAt","updatedAt") VALUES ('cmmgz5vgy005b3de85jw9tmep','Sentetik Psikoloji Araştırmacı','Synthetic Psychology Researcher','','',2023,'REALIZED','cmmgz5v1d00073de8aipnzlzm',88,'2026-03-07T23:49:00.947Z','2026-03-08T00:58:11.268Z');
INSERT OR IGNORE INTO "CareerJob" ("id","nameTr","nameEn","descriptionTr","descriptionEn","yearPredicted","realizationStatus","categoryId","sortOrder","createdAt","updatedAt") VALUES ('cmmgz5vh4005d3de8hooqet70','Ses Klonlama Uzmanı','Voice Cloning Specialist','','',2023,'REALIZED','cmmgz5v2t000f3de8kx3bdl30',89,'2026-03-07T23:49:00.952Z','2026-03-08T00:58:11.268Z');
INSERT OR IGNORE INTO "CareerJob" ("id","nameTr","nameEn","descriptionTr","descriptionEn","yearPredicted","realizationStatus","categoryId","sortOrder","createdAt","updatedAt") VALUES ('cmmgz5vh9005f3de8zk6w3he4','Yanıltıcı Bilgi Dayanıklılık Koçu','Misinformation Resilience Coach','','',2023,'REALIZED','cmmgz5v1r00093de8hapj843l',90,'2026-03-07T23:49:00.958Z','2026-03-08T00:58:11.268Z');
INSERT OR IGNORE INTO "CareerJob" ("id","nameTr","nameEn","descriptionTr","descriptionEn","yearPredicted","realizationStatus","categoryId","sortOrder","createdAt","updatedAt") VALUES ('cmmgz5vhf005h3de8rc0ds6no','Yapay Zeka Danışmanı/İletişimcisi','AI Whisperer','','',2023,'REALIZED','cmmgz5uzz00003de8sh915ss3',91,'2026-03-07T23:49:00.963Z','2026-03-08T00:58:11.268Z');
INSERT OR IGNORE INTO "CareerJob" ("id","nameTr","nameEn","descriptionTr","descriptionEn","yearPredicted","realizationStatus","categoryId","sortOrder","createdAt","updatedAt") VALUES ('cmmgz5vhk005j3de827ibzxm4','Yapay Zeka ile Yaşam Koçu','Living with AI Coach','','',2023,'REALIZED','cmmgz5uzz00003de8sh915ss3',92,'2026-03-07T23:49:00.968Z','2026-03-08T00:58:11.268Z');
INSERT OR IGNORE INTO "CareerJob" ("id","nameTr","nameEn","descriptionTr","descriptionEn","yearPredicted","realizationStatus","categoryId","sortOrder","createdAt","updatedAt") VALUES ('cmmgz5vho005l3de8d1wsnd8c','Zeki Yanıltma Kampanyası Analisti','Intelligent Disinformation Campaign Analyst','','',2023,'REALIZED','cmmgz5v0i00023de8ibgmqk5v',93,'2026-03-07T23:49:00.973Z','2026-03-08T00:58:11.268Z');
INSERT OR IGNORE INTO "CareerJob" ("id","nameTr","nameEn","descriptionTr","descriptionEn","yearPredicted","realizationStatus","categoryId","sortOrder","createdAt","updatedAt") VALUES ('cmmgz5vht005n3de8cly6gdqu','Avatar Kıyafet/Aksesuar Tasarımcısı','Avatar Clothes/Accessories Designer','','',2022,'REALIZED','cmmgz5v0b00013de8i0d7os2z',94,'2026-03-07T23:49:00.978Z','2026-03-08T00:58:11.268Z');
INSERT OR IGNORE INTO "CareerJob" ("id","nameTr","nameEn","descriptionTr","descriptionEn","yearPredicted","realizationStatus","categoryId","sortOrder","createdAt","updatedAt") VALUES ('cmmgz5vhy005p3de875bh51k2','Biyo-Mimicri Uzmanı','Biomimicry Specialist','','',2022,'EMERGING','cmmgz5v2t000f3de8kx3bdl30',95,'2026-03-07T23:49:00.982Z','2026-03-08T00:58:11.268Z');
INSERT OR IGNORE INTO "CareerJob" ("id","nameTr","nameEn","descriptionTr","descriptionEn","yearPredicted","realizationStatus","categoryId","sortOrder","createdAt","updatedAt") VALUES ('cmmgz5vi3005r3de8e8g0lhnb','Bütünlük Mentörü','Wholeness Mentor','','',2022,'NOT_YET','cmmgz5v2t000f3de8kx3bdl30',96,'2026-03-07T23:49:00.987Z','2026-03-08T00:58:11.268Z');
INSERT OR IGNORE INTO "CareerJob" ("id","nameTr","nameEn","descriptionTr","descriptionEn","yearPredicted","realizationStatus","categoryId","sortOrder","createdAt","updatedAt") VALUES ('cmmgz5vi8005t3de8f2thcwda','CMO - Chief Metaverse Officer','CMO - Chief Metaverse Officer','','',2022,'NOT_YET','cmmgz5v0b00013de8i0d7os2z',97,'2026-03-07T23:49:00.993Z','2026-03-08T00:58:11.268Z');
INSERT OR IGNORE INTO "CareerJob" ("id","nameTr","nameEn","descriptionTr","descriptionEn","yearPredicted","realizationStatus","categoryId","sortOrder","createdAt","updatedAt") VALUES ('cmmgz5vid005v3de8tcusp6lj','CVO - Chief Virtual Officer','CVO - Chief Virtual Officer','','',2022,'NOT_YET','cmmgz5v2t000f3de8kx3bdl30',98,'2026-03-07T23:49:00.998Z','2026-03-08T00:58:11.268Z');
INSERT OR IGNORE INTO "CareerJob" ("id","nameTr","nameEn","descriptionTr","descriptionEn","yearPredicted","realizationStatus","categoryId","sortOrder","createdAt","updatedAt") VALUES ('cmmgz5vii005x3de8yj3fd9rw','Dijital Apiarist','Digital Apiarist','','',2022,'NOT_YET','cmmgz5v2t000f3de8kx3bdl30',99,'2026-03-07T23:49:01.002Z','2026-03-08T00:58:11.268Z');
INSERT OR IGNORE INTO "CareerJob" ("id","nameTr","nameEn","descriptionTr","descriptionEn","yearPredicted","realizationStatus","categoryId","sortOrder","createdAt","updatedAt") VALUES ('cmmgz5vin005z3de85topz4eo','Dijital Persona Yöneticisi','Digital Persona Manager','','',2022,'NOT_YET','cmmgz5v2t000f3de8kx3bdl30',100,'2026-03-07T23:49:01.007Z','2026-03-08T00:58:11.268Z');
INSERT OR IGNORE INTO "CareerJob" ("id","nameTr","nameEn","descriptionTr","descriptionEn","yearPredicted","realizationStatus","categoryId","sortOrder","createdAt","updatedAt") VALUES ('cmmgz5vis00613de8sj4mqf0n','Ekosistem/Habitat Geliştirici','Ecosystem/Habitat Developer','','',2022,'REALIZED','cmmgz5v1700063de8nhtxovqo',101,'2026-03-07T23:49:01.012Z','2026-03-08T00:58:11.268Z');
INSERT OR IGNORE INTO "CareerJob" ("id","nameTr","nameEn","descriptionTr","descriptionEn","yearPredicted","realizationStatus","categoryId","sortOrder","createdAt","updatedAt") VALUES ('cmmgz5vix00633de8dba7efum','Entomikro Biyoteknoloji Uzmanı','Entomicro Biotech Specialist','','',2022,'NOT_YET','cmmgz5v1000053de8yywvbkja',102,'2026-03-07T23:49:01.017Z','2026-03-08T00:58:11.268Z');
INSERT OR IGNORE INTO "CareerJob" ("id","nameTr","nameEn","descriptionTr","descriptionEn","yearPredicted","realizationStatus","categoryId","sortOrder","createdAt","updatedAt") VALUES ('cmmgz5vj100653de8nbhsvr0s','E-spor Koçu','E-sports Coach','','',2022,'REALIZED','cmmgz5v1r00093de8hapj843l',103,'2026-03-07T23:49:01.022Z','2026-03-08T00:58:11.268Z');
INSERT OR IGNORE INTO "CareerJob" ("id","nameTr","nameEn","descriptionTr","descriptionEn","yearPredicted","realizationStatus","categoryId","sortOrder","createdAt","updatedAt") VALUES ('cmmgz5vj700673de8i263ilro','E-spor Yetenek Avcısı','E-sports Talent Hunter','','',2022,'REALIZED','cmmgz5v2h000d3de8ogkephre',104,'2026-03-07T23:49:01.027Z','2026-03-08T00:58:11.268Z');
INSERT OR IGNORE INTO "CareerJob" ("id","nameTr","nameEn","descriptionTr","descriptionEn","yearPredicted","realizationStatus","categoryId","sortOrder","createdAt","updatedAt") VALUES ('cmmgz5vjb00693de8l0o05clm','Meta İnsan Sağlığı Uzmanı','Meta-Human Health Specialist','','',2022,'PENDING','cmmgz5v0b00013de8i0d7os2z',105,'2026-03-07T23:49:01.032Z','2026-03-08T00:58:11.268Z');
INSERT OR IGNORE INTO "CareerJob" ("id","nameTr","nameEn","descriptionTr","descriptionEn","yearPredicted","realizationStatus","categoryId","sortOrder","createdAt","updatedAt") VALUES ('cmmgz5vjg006b3de8scvd3lwt','Metaevren Reklam Denetleyici','Metaverse Ad-Inspector','','',2022,'PENDING','cmmgz5v0b00013de8i0d7os2z',106,'2026-03-07T23:49:01.036Z','2026-03-08T00:58:11.268Z');
INSERT OR IGNORE INTO "CareerJob" ("id","nameTr","nameEn","descriptionTr","descriptionEn","yearPredicted","realizationStatus","categoryId","sortOrder","createdAt","updatedAt") VALUES ('cmmgz5vjl006d3de8odx9u8h8','Metaverse Bias Ayıklayıcı','Metaverse Bias Detector','','',2022,'PENDING','cmmgz5v0b00013de8i0d7os2z',107,'2026-03-07T23:49:01.041Z','2026-03-08T00:58:11.268Z');
INSERT OR IGNORE INTO "CareerJob" ("id","nameTr","nameEn","descriptionTr","descriptionEn","yearPredicted","realizationStatus","categoryId","sortOrder","createdAt","updatedAt") VALUES ('cmmgz5vjq006f3de8y6142zvc','Metaverse ve Gerçek Dünya Dengeleyici','Metaverse–Realverse Equalizer','','',2022,'PENDING','cmmgz5v0b00013de8i0d7os2z',108,'2026-03-07T23:49:01.046Z','2026-03-08T00:58:11.268Z');
INSERT OR IGNORE INTO "CareerJob" ("id","nameTr","nameEn","descriptionTr","descriptionEn","yearPredicted","realizationStatus","categoryId","sortOrder","createdAt","updatedAt") VALUES ('cmmgz5vju006h3de8oonbd70f','Metaverse Çocuk Koruma Sorumlusu','Metaverse Child Protector','','',2022,'PENDING','cmmgz5v0b00013de8i0d7os2z',109,'2026-03-07T23:49:01.051Z','2026-03-08T00:58:11.268Z');
INSERT OR IGNORE INTO "CareerJob" ("id","nameTr","nameEn","descriptionTr","descriptionEn","yearPredicted","realizationStatus","categoryId","sortOrder","createdAt","updatedAt") VALUES ('cmmgz5vk0006j3de8rhoc4p10','Metaverse Etkinlik Yöneticisi','Metaverse Event Manager','','',2022,'PENDING','cmmgz5v0b00013de8i0d7os2z',110,'2026-03-07T23:49:01.057Z','2026-03-08T00:58:11.268Z');
INSERT OR IGNORE INTO "CareerJob" ("id","nameTr","nameEn","descriptionTr","descriptionEn","yearPredicted","realizationStatus","categoryId","sortOrder","createdAt","updatedAt") VALUES ('cmmgz5vk5006l3de88vfw7ok8','Metaverse Güvenlik Görevlisi','Metaverse Security Officer','','',2022,'PENDING','cmmgz5v0b00013de8i0d7os2z',111,'2026-03-07T23:49:01.061Z','2026-03-08T00:58:11.268Z');
INSERT OR IGNORE INTO "CareerJob" ("id","nameTr","nameEn","descriptionTr","descriptionEn","yearPredicted","realizationStatus","categoryId","sortOrder","createdAt","updatedAt") VALUES ('cmmgz5vkb006n3de8b7tes58z','Metaverse Güvenlik Uzmanı','Metaverse Security Specialist','','',2022,'PENDING','cmmgz5v0b00013de8i0d7os2z',112,'2026-03-07T23:49:01.067Z','2026-03-08T00:58:11.268Z');
INSERT OR IGNORE INTO "CareerJob" ("id","nameTr","nameEn","descriptionTr","descriptionEn","yearPredicted","realizationStatus","categoryId","sortOrder","createdAt","updatedAt") VALUES ('cmmgz5vkg006p3de8taemqhlr','Metaverse Influencer Denetçisi','Metaverse Influencer Inspector','','',2022,'PENDING','cmmgz5v0b00013de8i0d7os2z',113,'2026-03-07T23:49:01.072Z','2026-03-08T00:58:11.268Z');
INSERT OR IGNORE INTO "CareerJob" ("id","nameTr","nameEn","descriptionTr","descriptionEn","yearPredicted","realizationStatus","categoryId","sortOrder","createdAt","updatedAt") VALUES ('cmmgz5vkl006r3de83178uam6','Metaverse Sürdürülebilirlik Denetçisi','Metaverse Sustainability Auditor','','',2022,'PENDING','cmmgz5v0b00013de8i0d7os2z',114,'2026-03-07T23:49:01.078Z','2026-03-08T00:58:11.268Z');
INSERT OR IGNORE INTO "CareerJob" ("id","nameTr","nameEn","descriptionTr","descriptionEn","yearPredicted","realizationStatus","categoryId","sortOrder","createdAt","updatedAt") VALUES ('cmmgz5vkr006t3de8kdqq18fh','Metaverse Uyumlaştırıcı','Metaverse Adapter','','',2022,'PENDING','cmmgz5v0b00013de8i0d7os2z',115,'2026-03-07T23:49:01.083Z','2026-03-08T00:58:11.268Z');
INSERT OR IGNORE INTO "CareerJob" ("id","nameTr","nameEn","descriptionTr","descriptionEn","yearPredicted","realizationStatus","categoryId","sortOrder","createdAt","updatedAt") VALUES ('cmmgz5vkw006v3de8us5qfjsg','Metaverse Veri Analisti','Metaverse Data Analyst','','',2022,'PENDING','cmmgz5v0b00013de8i0d7os2z',116,'2026-03-07T23:49:01.089Z','2026-03-08T00:58:11.268Z');
INSERT OR IGNORE INTO "CareerJob" ("id","nameTr","nameEn","descriptionTr","descriptionEn","yearPredicted","realizationStatus","categoryId","sortOrder","createdAt","updatedAt") VALUES ('cmmgz5vl1006x3de80dv6p98b','CAIO (Chief Artificial Intelligence Officer)','Chief Artificial Intelligence Officer','','',2021,'REALIZED','cmmgz5uzz00003de8sh915ss3',117,'2026-03-07T23:49:01.094Z','2026-03-08T00:58:11.268Z');
INSERT OR IGNORE INTO "CareerJob" ("id","nameTr","nameEn","descriptionTr","descriptionEn","yearPredicted","realizationStatus","categoryId","sortOrder","createdAt","updatedAt") VALUES ('cmmgz5vl6006z3de873gfb6q6','Derin Kurgu Tespit Uzmanı','Deep Fake Detector','','',2021,'EMERGING','cmmgz5v2t000f3de8kx3bdl30',118,'2026-03-07T23:49:01.099Z','2026-03-08T00:58:11.268Z');
INSERT OR IGNORE INTO "CareerJob" ("id","nameTr","nameEn","descriptionTr","descriptionEn","yearPredicted","realizationStatus","categoryId","sortOrder","createdAt","updatedAt") VALUES ('cmmgz5vlb00713de8ytkcst2k','Dijital Antika Uzmanı','Digital Antique Specialist','','',2021,'NOT_YET','cmmgz5v2t000f3de8kx3bdl30',119,'2026-03-07T23:49:01.103Z','2026-03-08T00:58:11.268Z');
INSERT OR IGNORE INTO "CareerJob" ("id","nameTr","nameEn","descriptionTr","descriptionEn","yearPredicted","realizationStatus","categoryId","sortOrder","createdAt","updatedAt") VALUES ('cmmgz5vlh00733de8ujajvtaa','IoB Uzmanı','Internet of Behaviour Analyst','','',2021,'REALIZED','cmmgz5v2t000f3de8kx3bdl30',120,'2026-03-07T23:49:01.109Z','2026-03-08T00:58:11.268Z');
INSERT OR IGNORE INTO "CareerJob" ("id","nameTr","nameEn","descriptionTr","descriptionEn","yearPredicted","realizationStatus","categoryId","sortOrder","createdAt","updatedAt") VALUES ('cmmgz5vll00753de8vtg49gf0','Koleksiyoner (Dijital Dünya)','Digital World Collector','','',2021,'EMERGING','cmmgz5v0b00013de8i0d7os2z',121,'2026-03-07T23:49:01.114Z','2026-03-08T00:58:11.268Z');
INSERT OR IGNORE INTO "CareerJob" ("id","nameTr","nameEn","descriptionTr","descriptionEn","yearPredicted","realizationStatus","categoryId","sortOrder","createdAt","updatedAt") VALUES ('cmmgz5vlw00773de8y80voedh','Dijital Dünyada Ölümden Sonraki Süreç Koruyucusu','After Life Protector in Digital World','','',2021,'PENDING','cmmgz5v0b00013de8i0d7os2z',122,'2026-03-07T23:49:01.125Z','2026-03-08T00:58:11.268Z');
INSERT OR IGNORE INTO "CareerJob" ("id","nameTr","nameEn","descriptionTr","descriptionEn","yearPredicted","realizationStatus","categoryId","sortOrder","createdAt","updatedAt") VALUES ('cmmgz5vm200793de8zybgd8vp','Metaverse Avukat/Hukuki Danışman','Metaverse Lawyer/Legal Consultant','','',2021,'PENDING','cmmgz5v0b00013de8i0d7os2z',123,'2026-03-07T23:49:01.130Z','2026-03-08T00:58:11.268Z');
INSERT OR IGNORE INTO "CareerJob" ("id","nameTr","nameEn","descriptionTr","descriptionEn","yearPredicted","realizationStatus","categoryId","sortOrder","createdAt","updatedAt") VALUES ('cmmgz5vm7007b3de82eo7rntu','Metaverse CMO','Metaverse Chief Metaverse Officer','','',2021,'PENDING','cmmgz5v0b00013de8i0d7os2z',124,'2026-03-07T23:49:01.135Z','2026-03-08T00:58:11.268Z');
INSERT OR IGNORE INTO "CareerJob" ("id","nameTr","nameEn","descriptionTr","descriptionEn","yearPredicted","realizationStatus","categoryId","sortOrder","createdAt","updatedAt") VALUES ('cmmgz5vmd007d3de8a9s83cid','Metaverse Dijital Değer Yöneticisi','Metaverse Digital Asset Executor','','',2021,'PENDING','cmmgz5v0b00013de8i0d7os2z',125,'2026-03-07T23:49:01.141Z','2026-03-08T00:58:11.268Z');
INSERT OR IGNORE INTO "CareerJob" ("id","nameTr","nameEn","descriptionTr","descriptionEn","yearPredicted","realizationStatus","categoryId","sortOrder","createdAt","updatedAt") VALUES ('cmmgz5vmi007f3de8bs0z0msw','Metaverse Dijital Moda Tasarımcı','Metaverse Digital Fashion Stylist','','',2021,'PENDING','cmmgz5v0b00013de8i0d7os2z',126,'2026-03-07T23:49:01.146Z','2026-03-08T00:58:11.268Z');
INSERT OR IGNORE INTO "CareerJob" ("id","nameTr","nameEn","descriptionTr","descriptionEn","yearPredicted","realizationStatus","categoryId","sortOrder","createdAt","updatedAt") VALUES ('cmmgz5vmq007h3de89aulxkjq','Metaverse Etkileyici','Metaverse Influencer','','',2021,'PENDING','cmmgz5v0b00013de8i0d7os2z',127,'2026-03-07T23:49:01.154Z','2026-03-08T00:58:11.268Z');
INSERT OR IGNORE INTO "CareerJob" ("id","nameTr","nameEn","descriptionTr","descriptionEn","yearPredicted","realizationStatus","categoryId","sortOrder","createdAt","updatedAt") VALUES ('cmmgz5vmw007j3de82zycb6sl','Metaverse Etkinlik Organizatörü','Metaverse Event Director','','',2021,'PENDING','cmmgz5v0b00013de8i0d7os2z',128,'2026-03-07T23:49:01.160Z','2026-03-08T00:58:11.268Z');
INSERT OR IGNORE INTO "CareerJob" ("id","nameTr","nameEn","descriptionTr","descriptionEn","yearPredicted","realizationStatus","categoryId","sortOrder","createdAt","updatedAt") VALUES ('cmmgz5vn1007l3de804j4km1b','Metaverse Evren/Ülke Tasarımcı','Metaverse Verse Builder','','',2021,'PENDING','cmmgz5v0b00013de8i0d7os2z',129,'2026-03-07T23:49:01.165Z','2026-03-08T00:58:11.268Z');
INSERT OR IGNORE INTO "CareerJob" ("id","nameTr","nameEn","descriptionTr","descriptionEn","yearPredicted","realizationStatus","categoryId","sortOrder","createdAt","updatedAt") VALUES ('cmmgz5vn6007n3de89k70cgwr','Metaverse Güvenlik Yöneticisi','Metaverse Safety Manager','','',2021,'PENDING','cmmgz5v0b00013de8i0d7os2z',130,'2026-03-07T23:49:01.170Z','2026-03-08T00:58:11.268Z');
INSERT OR IGNORE INTO "CareerJob" ("id","nameTr","nameEn","descriptionTr","descriptionEn","yearPredicted","realizationStatus","categoryId","sortOrder","createdAt","updatedAt") VALUES ('cmmgz5vnc007p3de8elbsrbn3','Metaverse Meta İnsan Doktoru','Metaverse Metahuman Doctor','','',2021,'PENDING','cmmgz5v0b00013de8i0d7os2z',131,'2026-03-07T23:49:01.176Z','2026-03-08T00:58:11.268Z');
INSERT OR IGNORE INTO "CareerJob" ("id","nameTr","nameEn","descriptionTr","descriptionEn","yearPredicted","realizationStatus","categoryId","sortOrder","createdAt","updatedAt") VALUES ('cmmgz5vng007r3de8oj6lod3u','Metaverse Pazarlama Uzmanı','Metaverse Marketer','','',2021,'PENDING','cmmgz5v0b00013de8i0d7os2z',132,'2026-03-07T23:49:01.181Z','2026-03-08T00:58:11.268Z');
INSERT OR IGNORE INTO "CareerJob" ("id","nameTr","nameEn","descriptionTr","descriptionEn","yearPredicted","realizationStatus","categoryId","sortOrder","createdAt","updatedAt") VALUES ('cmmgz5vnl007t3de8vbt0vp9c','Metaverse Reklam/İstenmeyen İçerik Engelleyici','Metaverse Ad-Blocking Expert','','',2021,'PENDING','cmmgz5v0b00013de8i0d7os2z',133,'2026-03-07T23:49:01.186Z','2026-03-08T00:58:11.268Z');
INSERT OR IGNORE INTO "CareerJob" ("id","nameTr","nameEn","descriptionTr","descriptionEn","yearPredicted","realizationStatus","categoryId","sortOrder","createdAt","updatedAt") VALUES ('cmmgz5vnp007v3de8n4ylrq2l','Metaverse Tur Rehberi','Metaverse Tour Guide','','',2021,'PENDING','cmmgz5v0b00013de8i0d7os2z',134,'2026-03-07T23:49:01.190Z','2026-03-08T00:58:11.268Z');
INSERT OR IGNORE INTO "CareerJob" ("id","nameTr","nameEn","descriptionTr","descriptionEn","yearPredicted","realizationStatus","categoryId","sortOrder","createdAt","updatedAt") VALUES ('cmmgz5vnu007x3de8v14qp3id','Metaverse Varlık Uzmanı','Metaverse Asset Advisor','','',2021,'PENDING','cmmgz5v0b00013de8i0d7os2z',135,'2026-03-07T23:49:01.194Z','2026-03-08T00:58:11.268Z');
INSERT OR IGNORE INTO "CareerJob" ("id","nameTr","nameEn","descriptionTr","descriptionEn","yearPredicted","realizationStatus","categoryId","sortOrder","createdAt","updatedAt") VALUES ('cmmgz5vny007z3de8atylyz5f','Metaverse Varlık/Değer Toplayıcı','Metaverse Artifact Chaser','','',2021,'PENDING','cmmgz5v0b00013de8i0d7os2z',136,'2026-03-07T23:49:01.199Z','2026-03-08T00:58:11.268Z');
INSERT OR IGNORE INTO "CareerJob" ("id","nameTr","nameEn","descriptionTr","descriptionEn","yearPredicted","realizationStatus","categoryId","sortOrder","createdAt","updatedAt") VALUES ('cmmgz5vo300813de874ik2g9s','Metaverse Veri Değer Toplayıcı','Metaverse Data Bounty Hunter','','',2021,'PENDING','cmmgz5v0b00013de8i0d7os2z',137,'2026-03-07T23:49:01.203Z','2026-03-08T00:58:11.268Z');
INSERT OR IGNORE INTO "CareerJob" ("id","nameTr","nameEn","descriptionTr","descriptionEn","yearPredicted","realizationStatus","categoryId","sortOrder","createdAt","updatedAt") VALUES ('cmmgz5vo800833de80254sy7k','Metaverse Wellbeing Uzmanı','Metaverse Wellbeing Specialist','','',2021,'PENDING','cmmgz5v0b00013de8i0d7os2z',138,'2026-03-07T23:49:01.208Z','2026-03-08T00:58:11.268Z');
INSERT OR IGNORE INTO "CareerJob" ("id","nameTr","nameEn","descriptionTr","descriptionEn","yearPredicted","realizationStatus","categoryId","sortOrder","createdAt","updatedAt") VALUES ('cmmgz5voe00853de8nzpgkd9h','Metaverse Yapay Deri Tasarımcı','Metaverse Artificial Skin Designer','','',2021,'PENDING','cmmgz5v0b00013de8i0d7os2z',139,'2026-03-07T23:49:01.214Z','2026-03-08T00:58:11.268Z');
INSERT OR IGNORE INTO "CareerJob" ("id","nameTr","nameEn","descriptionTr","descriptionEn","yearPredicted","realizationStatus","categoryId","sortOrder","createdAt","updatedAt") VALUES ('cmmgz5vol00873de8bsiocxee','Metaverse Yapı/Nesne/Mekan Mimarı','Metaverse Construct Architect','','',2021,'PENDING','cmmgz5v0b00013de8i0d7os2z',140,'2026-03-07T23:49:01.221Z','2026-03-08T00:58:11.268Z');
INSERT OR IGNORE INTO "CareerJob" ("id","nameTr","nameEn","descriptionTr","descriptionEn","yearPredicted","realizationStatus","categoryId","sortOrder","createdAt","updatedAt") VALUES ('cmmgz5voq00893de8ihbychwh','MONA Tasarımcı','MONA Designer','','',2021,'REALIZED','cmmgz5v0b00013de8i0d7os2z',141,'2026-03-07T23:49:01.226Z','2026-03-08T00:58:11.268Z');
INSERT OR IGNORE INTO "CareerJob" ("id","nameTr","nameEn","descriptionTr","descriptionEn","yearPredicted","realizationStatus","categoryId","sortOrder","createdAt","updatedAt") VALUES ('cmmgz5vou008b3de8kfzfj1qc','Münadi (Dijital Antika ve Sanat Eserleri)','Auctioneer (Digital Antique and Artifacts)','','',2021,'NOT_YET','cmmgz5v1y000a3de8bhy75p72',142,'2026-03-07T23:49:01.231Z','2026-03-08T00:58:11.268Z');
INSERT OR IGNORE INTO "CareerJob" ("id","nameTr","nameEn","descriptionTr","descriptionEn","yearPredicted","realizationStatus","categoryId","sortOrder","createdAt","updatedAt") VALUES ('cmmgz5voz008d3de84vtl2nb9','NFT Uzlaştırıcı','NFT Negotiator','','',2021,'REALIZED','cmmgz5v0n00033de8jhsuhjf0',143,'2026-03-07T23:49:01.236Z','2026-03-08T00:58:11.268Z');
INSERT OR IGNORE INTO "CareerJob" ("id","nameTr","nameEn","descriptionTr","descriptionEn","yearPredicted","realizationStatus","categoryId","sortOrder","createdAt","updatedAt") VALUES ('cmmgz5vp3008f3de8pztv0z7h','Orman Terapist','Forest Bather','','',2021,'REALIZED','cmmgz5v1700063de8nhtxovqo',144,'2026-03-07T23:49:01.240Z','2026-03-08T00:58:11.268Z');
INSERT OR IGNORE INTO "CareerJob" ("id","nameTr","nameEn","descriptionTr","descriptionEn","yearPredicted","realizationStatus","categoryId","sortOrder","createdAt","updatedAt") VALUES ('cmmgz5vp8008h3de8zholcrkx','Oyun Koçu','Gaming Coach','','',2021,'REALIZED','cmmgz5v1r00093de8hapj843l',145,'2026-03-07T23:49:01.244Z','2026-03-08T00:58:11.268Z');
INSERT OR IGNORE INTO "CareerJob" ("id","nameTr","nameEn","descriptionTr","descriptionEn","yearPredicted","realizationStatus","categoryId","sortOrder","createdAt","updatedAt") VALUES ('cmmgz5vpd008j3de8pwnj8949','Uzaktan Çalışma Mühendisi','Remote Engineer','','',2021,'REALIZED','cmmgz5v2t000f3de8kx3bdl30',146,'2026-03-07T23:49:01.249Z','2026-03-08T00:58:11.268Z');
INSERT OR IGNORE INTO "CareerJob" ("id","nameTr","nameEn","descriptionTr","descriptionEn","yearPredicted","realizationStatus","categoryId","sortOrder","createdAt","updatedAt") VALUES ('cmmgz5vph008l3de86rbwksws','Uzaktan Çalışma Uzmanı','Remote Work Specialist','','',2021,'REALIZED','cmmgz5v2t000f3de8kx3bdl30',147,'2026-03-07T23:49:01.254Z','2026-03-08T00:58:11.268Z');
INSERT OR IGNORE INTO "CareerJob" ("id","nameTr","nameEn","descriptionTr","descriptionEn","yearPredicted","realizationStatus","categoryId","sortOrder","createdAt","updatedAt") VALUES ('cmmgz5vpm008n3de85xa50pxw','Uzlaştırmacı (Sosyal Alanlar ve YZ)','Social-AI Contractor','','',2021,'REALIZED','cmmgz5v2t000f3de8kx3bdl30',148,'2026-03-07T23:49:01.259Z','2026-03-08T00:58:11.268Z');
INSERT OR IGNORE INTO "CareerJob" ("id","nameTr","nameEn","descriptionTr","descriptionEn","yearPredicted","realizationStatus","categoryId","sortOrder","createdAt","updatedAt") VALUES ('cmmgz5vpr008p3de847fhiyv9','Akıllı Ev Tasarım Yöneticisi','Smart House Design Manager','','',2019,'REALIZED','cmmgz5v1y000a3de8bhy75p72',149,'2026-03-07T23:49:01.264Z','2026-03-08T00:58:11.268Z');
INSERT OR IGNORE INTO "CareerJob" ("id","nameTr","nameEn","descriptionTr","descriptionEn","yearPredicted","realizationStatus","categoryId","sortOrder","createdAt","updatedAt") VALUES ('cmmgz5vpx008r3de834tsinwi','3D Yemek Yazıcısı Şefi','3D Food Printer Chef','','',2019,'NOT_YET','cmmgz5v2t000f3de8kx3bdl30',150,'2026-03-07T23:49:01.270Z','2026-03-08T00:58:11.268Z');
INSERT OR IGNORE INTO "CareerJob" ("id","nameTr","nameEn","descriptionTr","descriptionEn","yearPredicted","realizationStatus","categoryId","sortOrder","createdAt","updatedAt") VALUES ('cmmgz5vq5008t3de8de8y9bue','3D Yazıcı Mühendisi','3D Printer Engineer','','',2019,'REALIZED','cmmgz5v2t000f3de8kx3bdl30',151,'2026-03-07T23:49:01.278Z','2026-03-08T00:58:11.268Z');
INSERT OR IGNORE INTO "CareerJob" ("id","nameTr","nameEn","descriptionTr","descriptionEn","yearPredicted","realizationStatus","categoryId","sortOrder","createdAt","updatedAt") VALUES ('cmmgz5vqb008v3de818wdp3fj','AR Kullanıcı Deneyim Tasarımcı','AR User Experience Designer','','',2019,'NOT_YET','cmmgz5v1y000a3de8bhy75p72',152,'2026-03-07T23:49:01.283Z','2026-03-08T00:58:11.268Z');
INSERT OR IGNORE INTO "CareerJob" ("id","nameTr","nameEn","descriptionTr","descriptionEn","yearPredicted","realizationStatus","categoryId","sortOrder","createdAt","updatedAt") VALUES ('cmmgz5vqg008x3de8e486pmg7','AR Seyahat Oluşturucu','Augmented Reality Journey Builder','','',2019,'NOT_YET','cmmgz5v2t000f3de8kx3bdl30',153,'2026-03-07T23:49:01.288Z','2026-03-08T00:58:11.268Z');
INSERT OR IGNORE INTO "CareerJob" ("id","nameTr","nameEn","descriptionTr","descriptionEn","yearPredicted","realizationStatus","categoryId","sortOrder","createdAt","updatedAt") VALUES ('cmmgz5vql008z3de8hzsgvsn8','AR & Sanal Dünya Tasarımcısı','AR & Virtual World Creator','','',2019,'EMERGING','cmmgz5v0b00013de8i0d7os2z',154,'2026-03-07T23:49:01.293Z','2026-03-08T00:58:11.268Z');
INSERT OR IGNORE INTO "CareerJob" ("id","nameTr","nameEn","descriptionTr","descriptionEn","yearPredicted","realizationStatus","categoryId","sortOrder","createdAt","updatedAt") VALUES ('cmmgz5vqp00913de8cktae2el','Akıllı Ev Tasarım Uzmanı','Smart House Design Specialist','','',2019,'NOT_YET','cmmgz5v1y000a3de8bhy75p72',155,'2026-03-07T23:49:01.298Z','2026-03-08T00:58:11.268Z');
INSERT OR IGNORE INTO "CareerJob" ("id","nameTr","nameEn","descriptionTr","descriptionEn","yearPredicted","realizationStatus","categoryId","sortOrder","createdAt","updatedAt") VALUES ('cmmgz5vqu00933de8zae73ugg','Analitik Çevirmeni','Analytics Translator','','',2019,'REALIZED','cmmgz5v0i00023de8ibgmqk5v',156,'2026-03-07T23:49:01.302Z','2026-03-08T00:58:11.268Z');
INSERT OR IGNORE INTO "CareerJob" ("id","nameTr","nameEn","descriptionTr","descriptionEn","yearPredicted","realizationStatus","categoryId","sortOrder","createdAt","updatedAt") VALUES ('cmmgz5vqz00953de8l2anqe2c','Aquaponic Balık Çiftçisi','Aquaponic Fish Farmer','','',2019,'REALIZED','cmmgz5v1700063de8nhtxovqo',157,'2026-03-07T23:49:01.307Z','2026-03-08T00:58:11.268Z');
INSERT OR IGNORE INTO "CareerJob" ("id","nameTr","nameEn","descriptionTr","descriptionEn","yearPredicted","realizationStatus","categoryId","sortOrder","createdAt","updatedAt") VALUES ('cmmgz5vr300973de8iz8xbtzg','Atık Veri Mühendisi','Waste Data Engineer','','',2019,'REALIZED','cmmgz5v0i00023de8ibgmqk5v',158,'2026-03-07T23:49:01.311Z','2026-03-08T00:58:11.268Z');
INSERT OR IGNORE INTO "CareerJob" ("id","nameTr","nameEn","descriptionTr","descriptionEn","yearPredicted","realizationStatus","categoryId","sortOrder","createdAt","updatedAt") VALUES ('cmmgz5vr800993de8hwwdf5w2','AR Kullanıcı Deneyim Tasarımcısı (Gerçekleşti)','AR UX Designer (Realized)','','',2019,'REALIZED','cmmgz5v1y000a3de8bhy75p72',159,'2026-03-07T23:49:01.317Z','2026-03-08T00:58:11.268Z');
INSERT OR IGNORE INTO "CareerJob" ("id","nameTr","nameEn","descriptionTr","descriptionEn","yearPredicted","realizationStatus","categoryId","sortOrder","createdAt","updatedAt") VALUES ('cmmgz5vrd009b3de8jy4qxpxf','AR Seyahat Oluşturucusu/Yaratıcısı','AR Journey Builder/Creator','','',2019,'REALIZED','cmmgz5v2t000f3de8kx3bdl30',160,'2026-03-07T23:49:01.321Z','2026-03-08T00:58:11.268Z');
INSERT OR IGNORE INTO "CareerJob" ("id","nameTr","nameEn","descriptionTr","descriptionEn","yearPredicted","realizationStatus","categoryId","sortOrder","createdAt","updatedAt") VALUES ('cmmgz5vrh009d3de87r2slgmu','AR ve Sanal Dünya Tasarımcısı/Yaratıcısı','AR & Virtual World Creator','','',2019,'REALIZED','cmmgz5v0b00013de8i0d7os2z',161,'2026-03-07T23:49:01.326Z','2026-03-08T00:58:11.268Z');
INSERT OR IGNORE INTO "CareerJob" ("id","nameTr","nameEn","descriptionTr","descriptionEn","yearPredicted","realizationStatus","categoryId","sortOrder","createdAt","updatedAt") VALUES ('cmmgz5vrl009f3de88ws2higy','Basitlik/Sadelik Uzmanı','The Simplicity Expert','','',2019,'REALIZED','cmmgz5v2t000f3de8kx3bdl30',162,'2026-03-07T23:49:01.330Z','2026-03-08T00:58:11.268Z');
INSERT OR IGNORE INTO "CareerJob" ("id","nameTr","nameEn","descriptionTr","descriptionEn","yearPredicted","realizationStatus","categoryId","sortOrder","createdAt","updatedAt") VALUES ('cmmgz5vrq009h3de87a5zl4z5','Bilgelik Üreticisi','Wisdom Manufacturer','','',2019,'NOT_YET','cmmgz5v2t000f3de8kx3bdl30',163,'2026-03-07T23:49:01.334Z','2026-03-08T00:58:11.268Z');
INSERT OR IGNORE INTO "CareerJob" ("id","nameTr","nameEn","descriptionTr","descriptionEn","yearPredicted","realizationStatus","categoryId","sortOrder","createdAt","updatedAt") VALUES ('cmmgz5vru009j3de86uuvvmv0','Bilgisayarlı Görü Mühendisi','Computer Vision Engineer','','',2019,'REALIZED','cmmgz5v2t000f3de8kx3bdl30',164,'2026-03-07T23:49:01.338Z','2026-03-08T00:58:11.268Z');
INSERT OR IGNORE INTO "CareerJob" ("id","nameTr","nameEn","descriptionTr","descriptionEn","yearPredicted","realizationStatus","categoryId","sortOrder","createdAt","updatedAt") VALUES ('cmmgz5vrz009l3de88hfuypax','Bilim Etik Uzmanı/Teknoloji Avukatı','Science Ethicist/Technology Advocate','','',2019,'REALIZED','cmmgz5v1d00073de8aipnzlzm',165,'2026-03-07T23:49:01.343Z','2026-03-08T00:58:11.268Z');
INSERT OR IGNORE INTO "CareerJob" ("id","nameTr","nameEn","descriptionTr","descriptionEn","yearPredicted","realizationStatus","categoryId","sortOrder","createdAt","updatedAt") VALUES ('cmmgz5vs3009n3de8apocquwp','Bilişsel Bilgisayar Mühendisi','Cognitive Computing Engineer','','',2019,'REALIZED','cmmgz5v2t000f3de8kx3bdl30',166,'2026-03-07T23:49:01.348Z','2026-03-08T00:58:11.268Z');
INSERT OR IGNORE INTO "CareerJob" ("id","nameTr","nameEn","descriptionTr","descriptionEn","yearPredicted","realizationStatus","categoryId","sortOrder","createdAt","updatedAt") VALUES ('cmmgz5vs8009p3de8duscdwgf','Bireysel Eğitim Rehberleri','Personal Education Guide','','',2019,'REALIZED','cmmgz5v1r00093de8hapj843l',167,'2026-03-07T23:49:01.352Z','2026-03-08T00:58:11.268Z');
INSERT OR IGNORE INTO "CareerJob" ("id","nameTr","nameEn","descriptionTr","descriptionEn","yearPredicted","realizationStatus","categoryId","sortOrder","createdAt","updatedAt") VALUES ('cmmgz5vsc009r3de8mibp2moi','Bireysel Mikrobiyom Yöneticisi','Personal Microbiome Manager','','',2019,'REALIZED','cmmgz5v1000053de8yywvbkja',168,'2026-03-07T23:49:01.357Z','2026-03-08T00:58:11.268Z');
INSERT OR IGNORE INTO "CareerJob" ("id","nameTr","nameEn","descriptionTr","descriptionEn","yearPredicted","realizationStatus","categoryId","sortOrder","createdAt","updatedAt") VALUES ('cmmgz5vsh009t3de83enl15gh','Birlikte İşlerlik Mühendisi','Interoperability Engineer','','',2019,'REALIZED','cmmgz5v2t000f3de8kx3bdl30',169,'2026-03-07T23:49:01.361Z','2026-03-08T00:58:11.268Z');
INSERT OR IGNORE INTO "CareerJob" ("id","nameTr","nameEn","descriptionTr","descriptionEn","yearPredicted","realizationStatus","categoryId","sortOrder","createdAt","updatedAt") VALUES ('cmmgz5vsm009v3de8pr7a2hgw','Biyo Teknoloji Mühendisi','Biotech Engineer','','',2019,'REALIZED','cmmgz5v2t000f3de8kx3bdl30',170,'2026-03-07T23:49:01.366Z','2026-03-08T00:58:11.268Z');
INSERT OR IGNORE INTO "CareerJob" ("id","nameTr","nameEn","descriptionTr","descriptionEn","yearPredicted","realizationStatus","categoryId","sortOrder","createdAt","updatedAt") VALUES ('cmmgz5vsq009x3de8k52f2048','Blokchain Hukuk Danışmanı','Blockchain Legal Consultant','','',2019,'REALIZED','cmmgz5uzz00003de8sh915ss3',171,'2026-03-07T23:49:01.371Z','2026-03-08T00:58:11.268Z');
INSERT OR IGNORE INTO "CareerJob" ("id","nameTr","nameEn","descriptionTr","descriptionEn","yearPredicted","realizationStatus","categoryId","sortOrder","createdAt","updatedAt") VALUES ('cmmgz5vsv009z3de89ob9f5w1','Blokchain Kalite Mühendisi','Blockchain Quality Engineer','','',2019,'REALIZED','cmmgz5uzz00003de8sh915ss3',172,'2026-03-07T23:49:01.375Z','2026-03-08T00:58:11.268Z');
INSERT OR IGNORE INTO "CareerJob" ("id","nameTr","nameEn","descriptionTr","descriptionEn","yearPredicted","realizationStatus","categoryId","sortOrder","createdAt","updatedAt") VALUES ('cmmgz5vt000a13de87x4ah4na','Blokchain Proje Yöneticisi','Blockchain Project Manager','','',2019,'REALIZED','cmmgz5uzz00003de8sh915ss3',173,'2026-03-07T23:49:01.380Z','2026-03-08T00:58:11.268Z');
INSERT OR IGNORE INTO "CareerJob" ("id","nameTr","nameEn","descriptionTr","descriptionEn","yearPredicted","realizationStatus","categoryId","sortOrder","createdAt","updatedAt") VALUES ('cmmgz5vt600a33de8p2ncj9oe','Bot Lobicisi','Bot Lobbyist','','',2019,'NOT_YET','cmmgz5v2t000f3de8kx3bdl30',174,'2026-03-07T23:49:01.386Z','2026-03-08T00:58:11.268Z');
INSERT OR IGNORE INTO "CareerJob" ("id","nameTr","nameEn","descriptionTr","descriptionEn","yearPredicted","realizationStatus","categoryId","sortOrder","createdAt","updatedAt") VALUES ('cmmgz5vtc00a53de8rtxcydp2','CAO (Chief Augmentation Officer)','Chief Augmentation Officer','','',2019,'REALIZED','cmmgz5v2t000f3de8kx3bdl30',175,'2026-03-07T23:49:01.392Z','2026-03-08T00:58:11.268Z');
INSERT OR IGNORE INTO "CareerJob" ("id","nameTr","nameEn","descriptionTr","descriptionEn","yearPredicted","realizationStatus","categoryId","sortOrder","createdAt","updatedAt") VALUES ('cmmgz5vti00a73de8m2awu4nc','Chatbot Suç Uzmanları','Chatbot Crime Specialists','','',2019,'REALIZED','cmmgz5uzz00003de8sh915ss3',176,'2026-03-07T23:49:01.399Z','2026-03-08T00:58:11.268Z');
INSERT OR IGNORE INTO "CareerJob" ("id","nameTr","nameEn","descriptionTr","descriptionEn","yearPredicted","realizationStatus","categoryId","sortOrder","createdAt","updatedAt") VALUES ('cmmgz5vto00a93de8p085qqg6','Chronocurrency Brokırı','Chronocurrency Broker','','',2019,'NOT_YET','cmmgz5v2t000f3de8kx3bdl30',177,'2026-03-07T23:49:01.404Z','2026-03-08T00:58:11.268Z');
INSERT OR IGNORE INTO "CareerJob" ("id","nameTr","nameEn","descriptionTr","descriptionEn","yearPredicted","realizationStatus","categoryId","sortOrder","createdAt","updatedAt") VALUES ('cmmgz5vtt00ab3de8f7usd3rh','CPO (Chief Productivity Officer)','Chief Productivity Officer','','',2019,'NOT_YET','cmmgz5v2t000f3de8kx3bdl30',178,'2026-03-07T23:49:01.409Z','2026-03-08T00:58:11.268Z');
INSERT OR IGNORE INTO "CareerJob" ("id","nameTr","nameEn","descriptionTr","descriptionEn","yearPredicted","realizationStatus","categoryId","sortOrder","createdAt","updatedAt") VALUES ('cmmgz5vtz00ad3de8vm6kl23g','CTO (Chief Trust Officer)','Chief Trust Officer','','',2019,'EMERGING','cmmgz5v2t000f3de8kx3bdl30',179,'2026-03-07T23:49:01.415Z','2026-03-08T00:58:11.268Z');
INSERT OR IGNORE INTO "CareerJob" ("id","nameTr","nameEn","descriptionTr","descriptionEn","yearPredicted","realizationStatus","categoryId","sortOrder","createdAt","updatedAt") VALUES ('cmmgz5vu300af3de895t0nrlz','Çöp Tasarımcısı','Garbage Designer','','',2019,'NOT_YET','cmmgz5v1y000a3de8bhy75p72',180,'2026-03-07T23:49:01.420Z','2026-03-08T00:58:11.268Z');
INSERT OR IGNORE INTO "CareerJob" ("id","nameTr","nameEn","descriptionTr","descriptionEn","yearPredicted","realizationStatus","categoryId","sortOrder","createdAt","updatedAt") VALUES ('cmmgz5vu800ah3de84rr3oe0y','Dava Destekleyicisi (e-Keşif Analisti)','Litigation Supporter/eDiscovery Analyst','','',2019,'REALIZED','cmmgz5v0i00023de8ibgmqk5v',181,'2026-03-07T23:49:01.424Z','2026-03-08T00:58:11.268Z');
INSERT OR IGNORE INTO "CareerJob" ("id","nameTr","nameEn","descriptionTr","descriptionEn","yearPredicted","realizationStatus","categoryId","sortOrder","createdAt","updatedAt") VALUES ('cmmgz5vuc00aj3de8upmuwdyg','Deneyim Oluşturucusu','Experience Creator','','',2019,'NOT_YET','cmmgz5v2t000f3de8kx3bdl30',182,'2026-03-07T23:49:01.429Z','2026-03-08T00:58:11.268Z');
INSERT OR IGNORE INTO "CareerJob" ("id","nameTr","nameEn","descriptionTr","descriptionEn","yearPredicted","realizationStatus","categoryId","sortOrder","createdAt","updatedAt") VALUES ('cmmgz5vuh00al3de81b71x3m9','Dijital Çilingir','Digital Locksmith','','',2019,'NOT_YET','cmmgz5v2t000f3de8kx3bdl30',183,'2026-03-07T23:49:01.433Z','2026-03-08T00:58:11.268Z');
INSERT OR IGNORE INTO "CareerJob" ("id","nameTr","nameEn","descriptionTr","descriptionEn","yearPredicted","realizationStatus","categoryId","sortOrder","createdAt","updatedAt") VALUES ('cmmgz5vul00an3de8b54lylvs','Dijital Dünya Eğitmeni','Digital World Tutor & Trainer','','',2019,'NOT_YET','cmmgz5v0b00013de8i0d7os2z',184,'2026-03-07T23:49:01.438Z','2026-03-08T00:58:11.268Z');
INSERT OR IGNORE INTO "CareerJob" ("id","nameTr","nameEn","descriptionTr","descriptionEn","yearPredicted","realizationStatus","categoryId","sortOrder","createdAt","updatedAt") VALUES ('cmmgz5vuq00ap3de8joffc9y4','Dijital Mesh Tasarımcısı','Digital Mesh Designer','','',2019,'NOT_YET','cmmgz5v1y000a3de8bhy75p72',185,'2026-03-07T23:49:01.442Z','2026-03-08T00:58:11.268Z');
INSERT OR IGNORE INTO "CareerJob" ("id","nameTr","nameEn","descriptionTr","descriptionEn","yearPredicted","realizationStatus","categoryId","sortOrder","createdAt","updatedAt") VALUES ('cmmgz5vuw00ar3de8vs8b9t70','Dijital Para Spekülatörü','Future Currency Speculator','','',2019,'NOT_YET','cmmgz5v2t000f3de8kx3bdl30',186,'2026-03-07T23:49:01.449Z','2026-03-08T00:58:11.268Z');
INSERT OR IGNORE INTO "CareerJob" ("id","nameTr","nameEn","descriptionTr","descriptionEn","yearPredicted","realizationStatus","categoryId","sortOrder","createdAt","updatedAt") VALUES ('cmmgz5vv100at3de88yuce2ze','Dijital Pazarlama Yöneticisi','Digital Marketing Manager','','',2019,'REALIZED','cmmgz5v1j00083de8kuvh6dqu',187,'2026-03-07T23:49:01.453Z','2026-03-08T00:58:11.268Z');
INSERT OR IGNORE INTO "CareerJob" ("id","nameTr","nameEn","descriptionTr","descriptionEn","yearPredicted","realizationStatus","categoryId","sortOrder","createdAt","updatedAt") VALUES ('cmmgz5vv700av3de83j7puos5','Dijital Terapist','Digital Therapist','','',2019,'NOT_YET','cmmgz5v2c000c3de87ksootf2',188,'2026-03-07T23:49:01.460Z','2026-03-08T00:58:11.268Z');
INSERT OR IGNORE INTO "CareerJob" ("id","nameTr","nameEn","descriptionTr","descriptionEn","yearPredicted","realizationStatus","categoryId","sortOrder","createdAt","updatedAt") VALUES ('cmmgz5vve00ax3de8n9u26z6h','Dijital Terzi','Digital Tailor','','',2019,'NOT_YET','cmmgz5v2t000f3de8kx3bdl30',189,'2026-03-07T23:49:01.467Z','2026-03-08T00:58:11.268Z');
INSERT OR IGNORE INTO "CareerJob" ("id","nameTr","nameEn","descriptionTr","descriptionEn","yearPredicted","realizationStatus","categoryId","sortOrder","createdAt","updatedAt") VALUES ('cmmgz5vvj00az3de8zyxwlgl2','Dijital Uygulayıcı/Sürükleyici/Zorlayıcı','Digital Enforcer','','',2019,'NOT_YET','cmmgz5v2t000f3de8kx3bdl30',190,'2026-03-07T23:49:01.471Z','2026-03-08T00:58:11.268Z');
INSERT OR IGNORE INTO "CareerJob" ("id","nameTr","nameEn","descriptionTr","descriptionEn","yearPredicted","realizationStatus","categoryId","sortOrder","createdAt","updatedAt") VALUES ('cmmgz5vvo00b13de8g35wwt5c','Dijital Yetenek Yöneticisi','Digital Talent Manager','','',2019,'NOT_YET','cmmgz5v2t000f3de8kx3bdl30',191,'2026-03-07T23:49:01.476Z','2026-03-08T00:58:11.268Z');
INSERT OR IGNORE INTO "CareerJob" ("id","nameTr","nameEn","descriptionTr","descriptionEn","yearPredicted","realizationStatus","categoryId","sortOrder","createdAt","updatedAt") VALUES ('cmmgz5vvs00b33de8zsjos0wl','Dijitalleştirilmiş Sanatlar Fikri Mülkiyet Hukuku Uzmanı','Digitalized Art Property Right Lawyer','','',2019,'NOT_YET','cmmgz5v1d00073de8aipnzlzm',192,'2026-03-07T23:49:01.481Z','2026-03-08T00:58:11.268Z');
INSERT OR IGNORE INTO "CareerJob" ("id","nameTr","nameEn","descriptionTr","descriptionEn","yearPredicted","realizationStatus","categoryId","sortOrder","createdAt","updatedAt") VALUES ('cmmgz5vvx00b53de8e8y30j5p','Dikey Çiftçilik Danışmanı','Vertical Farm Specialist','','',2019,'NOT_YET','cmmgz5v1700063de8nhtxovqo',193,'2026-03-07T23:49:01.485Z','2026-03-08T00:58:11.268Z');
INSERT OR IGNORE INTO "CareerJob" ("id","nameTr","nameEn","descriptionTr","descriptionEn","yearPredicted","realizationStatus","categoryId","sortOrder","createdAt","updatedAt") VALUES ('cmmgz5vw200b73de8lf8fmz8p','Dron Trafiği Optimizasyoncusu','Drone Traffic Optimizer','','',2019,'REALIZED','cmmgz5v0t00043de86lpi3xh5',194,'2026-03-07T23:49:01.490Z','2026-03-08T00:58:11.268Z');
INSERT OR IGNORE INTO "CareerJob" ("id","nameTr","nameEn","descriptionTr","descriptionEn","yearPredicted","realizationStatus","categoryId","sortOrder","createdAt","updatedAt") VALUES ('cmmgz5vw800b93de8xhe98zap','Dron Standartları Uzmanı','Drone Standards Specialist','','',2019,'REALIZED','cmmgz5v0t00043de86lpi3xh5',195,'2026-03-07T23:49:01.496Z','2026-03-08T00:58:11.268Z');
INSERT OR IGNORE INTO "CareerJob" ("id","nameTr","nameEn","descriptionTr","descriptionEn","yearPredicted","realizationStatus","categoryId","sortOrder","createdAt","updatedAt") VALUES ('cmmgz5vwd00bb3de88k94mlro','Dron Teknisyeni','Drone Technician','','',2019,'REALIZED','cmmgz5v0t00043de86lpi3xh5',196,'2026-03-07T23:49:01.501Z','2026-03-08T00:58:11.268Z');
INSERT OR IGNORE INTO "CareerJob" ("id","nameTr","nameEn","descriptionTr","descriptionEn","yearPredicted","realizationStatus","categoryId","sortOrder","createdAt","updatedAt") VALUES ('cmmgz5vwi00bd3de8kize7h10','Endüstriyel Kullanıcı Arayüzü Tasarımcısı','Industrial User Interface Designer','','',2019,'REALIZED','cmmgz5v1y000a3de8bhy75p72',197,'2026-03-07T23:49:01.506Z','2026-03-08T00:58:11.268Z');
INSERT OR IGNORE INTO "CareerJob" ("id","nameTr","nameEn","descriptionTr","descriptionEn","yearPredicted","realizationStatus","categoryId","sortOrder","createdAt","updatedAt") VALUES ('cmmgz5vwm00bf3de8rohxfu77','Endüstriyel Veri Bilimcisi','Industrial Data Engineer','','',2019,'REALIZED','cmmgz5v0i00023de8ibgmqk5v',198,'2026-03-07T23:49:01.510Z','2026-03-08T00:58:11.268Z');
INSERT OR IGNORE INTO "CareerJob" ("id","nameTr","nameEn","descriptionTr","descriptionEn","yearPredicted","realizationStatus","categoryId","sortOrder","createdAt","updatedAt") VALUES ('cmmgz5vwq00bh3de8z9f1e0ae','E-Spor Etiği Uygulayıcısı','E-sports Ethics Enforcer','','',2019,'REALIZED','cmmgz5v2h000d3de8ogkephre',199,'2026-03-07T23:49:01.515Z','2026-03-08T00:58:11.268Z');
INSERT OR IGNORE INTO "CareerJob" ("id","nameTr","nameEn","descriptionTr","descriptionEn","yearPredicted","realizationStatus","categoryId","sortOrder","createdAt","updatedAt") VALUES ('cmmgz5vwv00bj3de8puyp8ffp','Eşik Bilişim Yöneticisi','Master of Edge Computing','','',2019,'REALIZED','cmmgz5v2t000f3de8kx3bdl30',200,'2026-03-07T23:49:01.520Z','2026-03-08T00:58:11.268Z');
INSERT OR IGNORE INTO "CareerJob" ("id","nameTr","nameEn","descriptionTr","descriptionEn","yearPredicted","realizationStatus","categoryId","sortOrder","createdAt","updatedAt") VALUES ('cmmgz5vwz00bl3de8909oay6d','Etik Kaynak Uzmanı','Ethical Sourcing Officer','','',2019,'REALIZED','cmmgz5v1d00073de8aipnzlzm',201,'2026-03-07T23:49:01.524Z','2026-03-08T00:58:11.268Z');
INSERT OR IGNORE INTO "CareerJob" ("id","nameTr","nameEn","descriptionTr","descriptionEn","yearPredicted","realizationStatus","categoryId","sortOrder","createdAt","updatedAt") VALUES ('cmmgz5vx400bn3de87rkpsj9f','Etki Azaltıcı','Impact Minimizer','','',2019,'REALIZED','cmmgz5v2t000f3de8kx3bdl30',202,'2026-03-07T23:49:01.529Z','2026-03-08T00:58:11.268Z');
INSERT OR IGNORE INTO "CareerJob" ("id","nameTr","nameEn","descriptionTr","descriptionEn","yearPredicted","realizationStatus","categoryId","sortOrder","createdAt","updatedAt") VALUES ('cmmgz5vxa00bp3de82ka1icr0','Etkileyici','Inflectionist','','',2019,'NOT_YET','cmmgz5v2t000f3de8kx3bdl30',203,'2026-03-07T23:49:01.535Z','2026-03-08T00:58:11.268Z');
INSERT OR IGNORE INTO "CareerJob" ("id","nameTr","nameEn","descriptionTr","descriptionEn","yearPredicted","realizationStatus","categoryId","sortOrder","createdAt","updatedAt") VALUES ('cmmgz5vxg00br3de8dpjuvs59','Etkileyici-Reklam Denetçi','Influencer-Advertisement Monitor','','',2019,'REALIZED','cmmgz5v1j00083de8kuvh6dqu',204,'2026-03-07T23:49:01.540Z','2026-03-08T00:58:11.268Z');
INSERT OR IGNORE INTO "CareerJob" ("id","nameTr","nameEn","descriptionTr","descriptionEn","yearPredicted","realizationStatus","categoryId","sortOrder","createdAt","updatedAt") VALUES ('cmmgz5vxl00bt3de8nc07tmpy','Finansal Durum Koçu','Financial Wellness Coach','','',2019,'REALIZED','cmmgz5v1r00093de8hapj843l',205,'2026-03-07T23:49:01.546Z','2026-03-08T00:58:11.268Z');
INSERT OR IGNORE INTO "CareerJob" ("id","nameTr","nameEn","descriptionTr","descriptionEn","yearPredicted","realizationStatus","categoryId","sortOrder","createdAt","updatedAt") VALUES ('cmmgz5vxq00bv3de8a5nvtbv3','Fitnes Adanma/Taahhüt Danışmanı','Fitness Commitment Counselor','','',2019,'REALIZED','cmmgz5v2t000f3de8kx3bdl30',206,'2026-03-07T23:49:01.551Z','2026-03-08T00:58:11.268Z');
INSERT OR IGNORE INTO "CareerJob" ("id","nameTr","nameEn","descriptionTr","descriptionEn","yearPredicted","realizationStatus","categoryId","sortOrder","createdAt","updatedAt") VALUES ('cmmgz5vxw00bx3de8u8lvc8rr','Genetik Çeşitlilik Polisi','Genetic Diversity Officer','','',2019,'NOT_YET','cmmgz5v1000053de8yywvbkja',207,'2026-03-07T23:49:01.556Z','2026-03-08T00:58:11.268Z');
INSERT OR IGNORE INTO "CareerJob" ("id","nameTr","nameEn","descriptionTr","descriptionEn","yearPredicted","realizationStatus","categoryId","sortOrder","createdAt","updatedAt") VALUES ('cmmgz5vy000bz3de8fhwrmehu','Genetik Kod Tasarımcısı','Genetic Code Designer','','',2019,'NOT_YET','cmmgz5v1000053de8yywvbkja',208,'2026-03-07T23:49:01.561Z','2026-03-08T00:58:11.268Z');
INSERT OR IGNORE INTO "CareerJob" ("id","nameTr","nameEn","descriptionTr","descriptionEn","yearPredicted","realizationStatus","categoryId","sortOrder","createdAt","updatedAt") VALUES ('cmmgz5vy600c13de875bckus8','Genomik Portfolio Yöneticisi','Genomic Portfolio Director','','',2019,'REALIZED','cmmgz5v1000053de8yywvbkja',209,'2026-03-07T23:49:01.566Z','2026-03-08T00:58:11.268Z');
INSERT OR IGNORE INTO "CareerJob" ("id","nameTr","nameEn","descriptionTr","descriptionEn","yearPredicted","realizationStatus","categoryId","sortOrder","createdAt","updatedAt") VALUES ('cmmgz5vyc00c33de8k03viive','Giyilebilir Teknoloji Tasarımcısı','Wearable Technology Designer','','',2019,'NOT_YET','cmmgz5v1y000a3de8bhy75p72',210,'2026-03-07T23:49:01.572Z','2026-03-08T00:58:11.268Z');
INSERT OR IGNORE INTO "CareerJob" ("id","nameTr","nameEn","descriptionTr","descriptionEn","yearPredicted","realizationStatus","categoryId","sortOrder","createdAt","updatedAt") VALUES ('cmmgz5vyh00c53de8qrwklz17','Hiper-Kişiselleştirilmiş Ortam Uzmanı','Hyper-Personalized Environment Specialist','','',2019,'NOT_YET','cmmgz5v2t000f3de8kx3bdl30',211,'2026-03-07T23:49:01.577Z','2026-03-08T00:58:11.268Z');
INSERT OR IGNORE INTO "CareerJob" ("id","nameTr","nameEn","descriptionTr","descriptionEn","yearPredicted","realizationStatus","categoryId","sortOrder","createdAt","updatedAt") VALUES ('cmmgz5vym00c73de82w8isrsz','Hiper-Zeki Transportasyon Mühendisi','Hyper-Intelligent Transportation Engineer','','',2019,'NOT_YET','cmmgz5v2t000f3de8kx3bdl30',212,'2026-03-07T23:49:01.582Z','2026-03-08T00:58:11.268Z');
INSERT OR IGNORE INTO "CareerJob" ("id","nameTr","nameEn","descriptionTr","descriptionEn","yearPredicted","realizationStatus","categoryId","sortOrder","createdAt","updatedAt") VALUES ('cmmgz5vyr00c93de8vf94qyoe','IT/IoT Çözüm Mimarı','IT/OT Solution Architect','','',2019,'REALIZED','cmmgz5v1y000a3de8bhy75p72',213,'2026-03-07T23:49:01.587Z','2026-03-08T00:58:11.268Z');
INSERT OR IGNORE INTO "CareerJob" ("id","nameTr","nameEn","descriptionTr","descriptionEn","yearPredicted","realizationStatus","categoryId","sortOrder","createdAt","updatedAt") VALUES ('cmmgz5vyv00cb3de88m2pwob5','İklim Analisti Ve Hava Moderatörü','Climate Analyst & Weather Moderator','','',2019,'REALIZED','cmmgz5v0i00023de8ibgmqk5v',214,'2026-03-07T23:49:01.592Z','2026-03-08T00:58:11.268Z');
INSERT OR IGNORE INTO "CareerJob" ("id","nameTr","nameEn","descriptionTr","descriptionEn","yearPredicted","realizationStatus","categoryId","sortOrder","createdAt","updatedAt") VALUES ('cmmgz5vz000cd3de8q6hc59rj','İnsan-Makine Hibrit Ortam Tasarımcısı/Yöneticisi','Human-Machine Hybrid Environment Designer','','',2019,'EMERGING','cmmgz5v1y000a3de8bhy75p72',215,'2026-03-07T23:49:01.597Z','2026-03-08T00:58:11.268Z');
INSERT OR IGNORE INTO "CareerJob" ("id","nameTr","nameEn","descriptionTr","descriptionEn","yearPredicted","realizationStatus","categoryId","sortOrder","createdAt","updatedAt") VALUES ('cmmgz5vz500cf3de8vawt9xat','İnsan-Makine İlişkileri Düzenleyici','Human-Machine Relationship Regulator','','',2019,'EMERGING','cmmgz5v1d00073de8aipnzlzm',216,'2026-03-07T23:49:01.601Z','2026-03-08T00:58:11.268Z');
INSERT OR IGNORE INTO "CareerJob" ("id","nameTr","nameEn","descriptionTr","descriptionEn","yearPredicted","realizationStatus","categoryId","sortOrder","createdAt","updatedAt") VALUES ('cmmgz5vz900ch3de8fwmsuvvj','İnsan-Makine/Robot Takım Yöneticisi','Human-Machine/Robot Teaming Manager','','',2019,'NOT_YET','cmmgz5v0t00043de86lpi3xh5',217,'2026-03-07T23:49:01.606Z','2026-03-08T00:58:11.268Z');
INSERT OR IGNORE INTO "CareerJob" ("id","nameTr","nameEn","descriptionTr","descriptionEn","yearPredicted","realizationStatus","categoryId","sortOrder","createdAt","updatedAt") VALUES ('cmmgz5vze00cj3de8calnv73k','İstek/Talep Optimizasyoncusu','Demand Optimizer','','',2019,'NOT_YET','cmmgz5v2t000f3de8kx3bdl30',218,'2026-03-07T23:49:01.611Z','2026-03-08T00:58:11.268Z');
INSERT OR IGNORE INTO "CareerJob" ("id","nameTr","nameEn","descriptionTr","descriptionEn","yearPredicted","realizationStatus","categoryId","sortOrder","createdAt","updatedAt") VALUES ('cmmgz5vzo00cl3de8v15gaag5','İş Yapay Zekası Analisti','Business AI Analyst','','',2019,'EMERGING','cmmgz5uzz00003de8sh915ss3',219,'2026-03-07T23:49:01.621Z','2026-03-08T00:58:11.269Z');
INSERT OR IGNORE INTO "CareerJob" ("id","nameTr","nameEn","descriptionTr","descriptionEn","yearPredicted","realizationStatus","categoryId","sortOrder","createdAt","updatedAt") VALUES ('cmmgz5vzu00cn3de8dirmpkfh','İş Yeri Robot Çalışan Kabul Uzmanı','Workplace Robot Acceptance Specialist','','',2019,'NOT_YET','cmmgz5v0t00043de86lpi3xh5',220,'2026-03-07T23:49:01.627Z','2026-03-08T00:58:11.269Z');
INSERT OR IGNORE INTO "CareerJob" ("id","nameTr","nameEn","descriptionTr","descriptionEn","yearPredicted","realizationStatus","categoryId","sortOrder","createdAt","updatedAt") VALUES ('cmmgz5vzz00cp3de8pcl16q0b','Kabul/Uyum Analisti','Compliance Analyst','','',2019,'REALIZED','cmmgz5v0i00023de8ibgmqk5v',221,'2026-03-07T23:49:01.631Z','2026-03-08T00:58:11.269Z');
INSERT OR IGNORE INTO "CareerJob" ("id","nameTr","nameEn","descriptionTr","descriptionEn","yearPredicted","realizationStatus","categoryId","sortOrder","createdAt","updatedAt") VALUES ('cmmgz5w0300cr3de8kg9fezwd','Karbon Mühendisi','Carbon Engineer','','',2019,'REALIZED','cmmgz5v1700063de8nhtxovqo',222,'2026-03-07T23:49:01.636Z','2026-03-08T00:58:11.269Z');
INSERT OR IGNORE INTO "CareerJob" ("id","nameTr","nameEn","descriptionTr","descriptionEn","yearPredicted","realizationStatus","categoryId","sortOrder","createdAt","updatedAt") VALUES ('cmmgz5w0800ct3de8siycwurz','Kişisel Bot Mekanik Uzmanı','Personal Bot Mechanic','','',2019,'REALIZED','cmmgz5v2t000f3de8kx3bdl30',223,'2026-03-07T23:49:01.640Z','2026-03-08T00:58:11.269Z');
INSERT OR IGNORE INTO "CareerJob" ("id","nameTr","nameEn","descriptionTr","descriptionEn","yearPredicted","realizationStatus","categoryId","sortOrder","createdAt","updatedAt") VALUES ('cmmgz5w0c00cv3de8afora4f4','Kişisel Hafıza Sorumlusu (Sanatsal Dizayn)','Personal Memory Curator','','',2019,'REALIZED','cmmgz5v1y000a3de8bhy75p72',224,'2026-03-07T23:49:01.645Z','2026-03-08T00:58:11.269Z');
INSERT OR IGNORE INTO "CareerJob" ("id","nameTr","nameEn","descriptionTr","descriptionEn","yearPredicted","realizationStatus","categoryId","sortOrder","createdAt","updatedAt") VALUES ('cmmgz5w0h00cx3de8ywhcwruv','Kişisel IOT Güvenlik Tamircisi','Personal IoT Security Repair Person','','',2019,'REALIZED','cmmgz5v0n00033de8jhsuhjf0',225,'2026-03-07T23:49:01.649Z','2026-03-08T00:58:11.269Z');
INSERT OR IGNORE INTO "CareerJob" ("id","nameTr","nameEn","descriptionTr","descriptionEn","yearPredicted","realizationStatus","categoryId","sortOrder","createdAt","updatedAt") VALUES ('cmmgz5w0m00cz3de8h7uot37n','Kişisel Veri Brokırı','Personal Data Broker','','',2019,'REALIZED','cmmgz5v0i00023de8ibgmqk5v',226,'2026-03-07T23:49:01.654Z','2026-03-08T00:58:11.269Z');
INSERT OR IGNORE INTO "CareerJob" ("id","nameTr","nameEn","descriptionTr","descriptionEn","yearPredicted","realizationStatus","categoryId","sortOrder","createdAt","updatedAt") VALUES ('cmmgz5w0r00d13de8svoltkki','Kişiselleştirilmiş Organ Üreticisi','Custom Body Part Manufacturer','','',2019,'NOT_YET','cmmgz5v2t000f3de8kx3bdl30',227,'2026-03-07T23:49:01.659Z','2026-03-08T00:58:11.269Z');
INSERT OR IGNORE INTO "CareerJob" ("id","nameTr","nameEn","descriptionTr","descriptionEn","yearPredicted","realizationStatus","categoryId","sortOrder","createdAt","updatedAt") VALUES ('cmmgz5w0v00d33de8j25yb9ow','Kodlama Etik Uzmanı','Coding Ethicist','','',2019,'REALIZED','cmmgz5v1d00073de8aipnzlzm',228,'2026-03-07T23:49:01.664Z','2026-03-08T00:58:11.269Z');
INSERT OR IGNORE INTO "CareerJob" ("id","nameTr","nameEn","descriptionTr","descriptionEn","yearPredicted","realizationStatus","categoryId","sortOrder","createdAt","updatedAt") VALUES ('cmmgz5w1000d53de8mo217p7g','Kripto Dedektifi/Sorgulayıcı','Crypto Detective','','',2019,'REALIZED','cmmgz5v0n00033de8jhsuhjf0',229,'2026-03-07T23:49:01.668Z','2026-03-08T00:58:11.269Z');
INSERT OR IGNORE INTO "CareerJob" ("id","nameTr","nameEn","descriptionTr","descriptionEn","yearPredicted","realizationStatus","categoryId","sortOrder","createdAt","updatedAt") VALUES ('cmmgz5w1400d73de8jf457ilr','Kuantum Makine Öğrenmesi Analisti','Quantum Machine Learning Analyst','','',2019,'NOT_YET','cmmgz5v0i00023de8ibgmqk5v',230,'2026-03-07T23:49:01.673Z','2026-03-08T00:58:11.269Z');
INSERT OR IGNORE INTO "CareerJob" ("id","nameTr","nameEn","descriptionTr","descriptionEn","yearPredicted","realizationStatus","categoryId","sortOrder","createdAt","updatedAt") VALUES ('cmmgz5w1900d93de8ob9k3evb','Küresel Sistem Mimarı','Global System Architect','','',2019,'NOT_YET','cmmgz5v1y000a3de8bhy75p72',231,'2026-03-07T23:49:01.677Z','2026-03-08T00:58:11.269Z');
INSERT OR IGNORE INTO "CareerJob" ("id","nameTr","nameEn","descriptionTr","descriptionEn","yearPredicted","realizationStatus","categoryId","sortOrder","createdAt","updatedAt") VALUES ('cmmgz5w1d00db3de8tfalhk8x','Medikal Mentör','Medical Mentor','','',2019,'NOT_YET','cmmgz5v1000053de8yywvbkja',232,'2026-03-07T23:49:01.682Z','2026-03-08T00:58:11.269Z');
INSERT OR IGNORE INTO "CareerJob" ("id","nameTr","nameEn","descriptionTr","descriptionEn","yearPredicted","realizationStatus","categoryId","sortOrder","createdAt","updatedAt") VALUES ('cmmgz5w1i00dd3de851xiocbn','Mobil Uygulama Geliştirici','Mobile Applications Developer','','',2019,'LIFECYCLE_END','cmmgz5v2t000f3de8kx3bdl30',233,'2026-03-07T23:49:01.687Z','2026-03-08T00:58:11.269Z');
INSERT OR IGNORE INTO "CareerJob" ("id","nameTr","nameEn","descriptionTr","descriptionEn","yearPredicted","realizationStatus","categoryId","sortOrder","createdAt","updatedAt") VALUES ('cmmgz5w1n00df3de8hx2ha2fi','Mülkiyet Ağı Kurulum Uzmanı','Ownership Network Setup Specialist','','',2019,'NOT_YET','cmmgz5v2t000f3de8kx3bdl30',234,'2026-03-07T23:49:01.691Z','2026-03-08T00:58:11.269Z');
INSERT OR IGNORE INTO "CareerJob" ("id","nameTr","nameEn","descriptionTr","descriptionEn","yearPredicted","realizationStatus","categoryId","sortOrder","createdAt","updatedAt") VALUES ('cmmgz5w1s00dh3de843k3lrk3','Nano Silah Uzmanı','Nano-Weapons Specialist','','',2019,'NOT_YET','cmmgz5v2n000e3de86klcfk8q',235,'2026-03-07T23:49:01.696Z','2026-03-08T00:58:11.269Z');
INSERT OR IGNORE INTO "CareerJob" ("id","nameTr","nameEn","descriptionTr","descriptionEn","yearPredicted","realizationStatus","categoryId","sortOrder","createdAt","updatedAt") VALUES ('cmmgz5w1x00dj3de81y8r180q','Nostaljist','Nostalgist','','',2019,'EMERGING','cmmgz5v2t000f3de8kx3bdl30',236,'2026-03-07T23:49:01.701Z','2026-03-08T00:58:11.269Z');
INSERT OR IGNORE INTO "CareerJob" ("id","nameTr","nameEn","descriptionTr","descriptionEn","yearPredicted","realizationStatus","categoryId","sortOrder","createdAt","updatedAt") VALUES ('cmmgz5w2100dl3de85tpphjta','Organizasyon Bölütleyici','Organizational Disrupter','','',2019,'REALIZED','cmmgz5v2t000f3de8kx3bdl30',237,'2026-03-07T23:49:01.706Z','2026-03-08T00:58:11.269Z');
INSERT OR IGNORE INTO "CareerJob" ("id","nameTr","nameEn","descriptionTr","descriptionEn","yearPredicted","realizationStatus","categoryId","sortOrder","createdAt","updatedAt") VALUES ('cmmgz5w2600dn3de87pkt7e4k','Otoban/Yol Konrolörü (YZ Tabanlı)','AI Based Highway Controller','','',2019,'NOT_YET','cmmgz5uzz00003de8sh915ss3',238,'2026-03-07T23:49:01.710Z','2026-03-08T00:58:11.269Z');
INSERT OR IGNORE INTO "CareerJob" ("id","nameTr","nameEn","descriptionTr","descriptionEn","yearPredicted","realizationStatus","categoryId","sortOrder","createdAt","updatedAt") VALUES ('cmmgz5w2b00dp3de87cgpe3vp','Otomatikleştirilmiş Robot Sistem Tamiri','Automated & Robot System Repair','','',2019,'REALIZED','cmmgz5v0t00043de86lpi3xh5',239,'2026-03-07T23:49:01.716Z','2026-03-08T00:58:11.269Z');
INSERT OR IGNORE INTO "CareerJob" ("id","nameTr","nameEn","descriptionTr","descriptionEn","yearPredicted","realizationStatus","categoryId","sortOrder","createdAt","updatedAt") VALUES ('cmmgz5w2k00dr3de8lxetftlg','Ön Kestirim Mühendisi','Predictive Engineer','','',2019,'REALIZED','cmmgz5v2t000f3de8kx3bdl30',240,'2026-03-07T23:49:01.724Z','2026-03-08T00:58:11.269Z');
INSERT OR IGNORE INTO "CareerJob" ("id","nameTr","nameEn","descriptionTr","descriptionEn","yearPredicted","realizationStatus","categoryId","sortOrder","createdAt","updatedAt") VALUES ('cmmgz5w2q00dt3de8oir0r7og','Ön Kestirimci Bakım Uzmanı','Predictive Maintenance Specialist','','',2019,'REALIZED','cmmgz5v2t000f3de8kx3bdl30',241,'2026-03-07T23:49:01.730Z','2026-03-08T00:58:11.269Z');
INSERT OR IGNORE INTO "CareerJob" ("id","nameTr","nameEn","descriptionTr","descriptionEn","yearPredicted","realizationStatus","categoryId","sortOrder","createdAt","updatedAt") VALUES ('cmmgz5w2w00dv3de8led8n7q4','Özel İhtiyaçlar Düzenleyicisi','Special Needs Improver','','',2019,'REALIZED','cmmgz5v1d00073de8aipnzlzm',242,'2026-03-07T23:49:01.736Z','2026-03-08T00:58:11.269Z');
INSERT OR IGNORE INTO "CareerJob" ("id","nameTr","nameEn","descriptionTr","descriptionEn","yearPredicted","realizationStatus","categoryId","sortOrder","createdAt","updatedAt") VALUES ('cmmgz5w3000dx3de8l88nslim','Paylaşım Denetçisi','Shareability Auditor','','',2019,'REALIZED','cmmgz5v2t000f3de8kx3bdl30',243,'2026-03-07T23:49:01.740Z','2026-03-08T00:58:11.269Z');
INSERT OR IGNORE INTO "CareerJob" ("id","nameTr","nameEn","descriptionTr","descriptionEn","yearPredicted","realizationStatus","categoryId","sortOrder","createdAt","updatedAt") VALUES ('cmmgz5w3400dz3de81pyvhkyv','Robo-Psikolog & Robo-Sosyopsikolog (2019)','Robopsychologist (2019 edition)','','',2019,'NOT_YET','cmmgz5v2t000f3de8kx3bdl30',244,'2026-03-07T23:49:01.745Z','2026-03-08T00:58:11.269Z');
INSERT OR IGNORE INTO "CareerJob" ("id","nameTr","nameEn","descriptionTr","descriptionEn","yearPredicted","realizationStatus","categoryId","sortOrder","createdAt","updatedAt") VALUES ('cmmgz5w3900e13de886thp4oe','Robot Koordinatörü (2019)','Robot Coordinator (2019 edition)','','',2019,'REALIZED','cmmgz5v0t00043de86lpi3xh5',245,'2026-03-07T23:49:01.750Z','2026-03-08T00:58:11.269Z');
INSERT OR IGNORE INTO "CareerJob" ("id","nameTr","nameEn","descriptionTr","descriptionEn","yearPredicted","realizationStatus","categoryId","sortOrder","createdAt","updatedAt") VALUES ('cmmgz5w3e00e33de86nryiysh','Robotik Kurt Tasarımcısı','Robotic Earthworm Driver','','',2019,'NOT_YET','cmmgz5v0t00043de86lpi3xh5',246,'2026-03-07T23:49:01.754Z','2026-03-08T00:58:11.269Z');
INSERT OR IGNORE INTO "CareerJob" ("id","nameTr","nameEn","descriptionTr","descriptionEn","yearPredicted","realizationStatus","categoryId","sortOrder","createdAt","updatedAt") VALUES ('cmmgz5w3j00e53de82obk04ka','Robotik/Holografik Avatar Tasarımcısı','Robotic/Holographic Avatar Designer','','',2019,'EMERGING','cmmgz5v0b00013de8i0d7os2z',247,'2026-03-07T23:49:01.759Z','2026-03-08T00:58:11.269Z');
INSERT OR IGNORE INTO "CareerJob" ("id","nameTr","nameEn","descriptionTr","descriptionEn","yearPredicted","realizationStatus","categoryId","sortOrder","createdAt","updatedAt") VALUES ('cmmgz5w3n00e73de828hpql0o','Sağlık Bilgi Teknisyeni','Health Information Technician','','',2019,'REALIZED','cmmgz5v1000053de8yywvbkja',248,'2026-03-07T23:49:01.764Z','2026-03-08T00:58:11.269Z');
INSERT OR IGNORE INTO "CareerJob" ("id","nameTr","nameEn","descriptionTr","descriptionEn","yearPredicted","realizationStatus","categoryId","sortOrder","createdAt","updatedAt") VALUES ('cmmgz5w3s00e93de83twpe42z','Sanal Gerçeklik Ortamı Adaptasyon Uzmanı','VR Spotter','','',2019,'NOT_YET','cmmgz5v0b00013de8i0d7os2z',249,'2026-03-07T23:49:01.768Z','2026-03-08T00:58:11.269Z');
INSERT OR IGNORE INTO "CareerJob" ("id","nameTr","nameEn","descriptionTr","descriptionEn","yearPredicted","realizationStatus","categoryId","sortOrder","createdAt","updatedAt") VALUES ('cmmgz5w3x00eb3de8ig4c9ohk','Sanal Mağaza Gurusu','Virtual Store Sherpa','','',2019,'NOT_YET','cmmgz5v0b00013de8i0d7os2z',250,'2026-03-07T23:49:01.773Z','2026-03-08T00:58:11.269Z');
INSERT OR IGNORE INTO "CareerJob" ("id","nameTr","nameEn","descriptionTr","descriptionEn","yearPredicted","realizationStatus","categoryId","sortOrder","createdAt","updatedAt") VALUES ('cmmgz5w4200ed3de8r7nc6mmc','Ses Kullanıcı Deneyim Tasarımcısı','Voice User Experience Designer','','',2019,'REALIZED','cmmgz5v1y000a3de8bhy75p72',251,'2026-03-07T23:49:01.778Z','2026-03-08T00:58:11.269Z');
INSERT OR IGNORE INTO "CareerJob" ("id","nameTr","nameEn","descriptionTr","descriptionEn","yearPredicted","realizationStatus","categoryId","sortOrder","createdAt","updatedAt") VALUES ('cmmgz5w4600ef3de8rynvxcg1','Siber Felaket Tahmincisi','Cyber Catastrophe Predictor','','',2019,'EMERGING','cmmgz5v0n00033de8jhsuhjf0',252,'2026-03-07T23:49:01.782Z','2026-03-08T00:58:11.269Z');
INSERT OR IGNORE INTO "CareerJob" ("id","nameTr","nameEn","descriptionTr","descriptionEn","yearPredicted","realizationStatus","categoryId","sortOrder","createdAt","updatedAt") VALUES ('cmmgz5w4c00eh3de83lzmcivo','Siber Şehir Analisti','Cyber City Analyst','','',2019,'EMERGING','cmmgz5v0i00023de8ibgmqk5v',253,'2026-03-07T23:49:01.788Z','2026-03-08T00:58:11.269Z');
INSERT OR IGNORE INTO "CareerJob" ("id","nameTr","nameEn","descriptionTr","descriptionEn","yearPredicted","realizationStatus","categoryId","sortOrder","createdAt","updatedAt") VALUES ('cmmgz5w4h00ej3de8kbtfpf2t','Süreç Madencisi','Process Miner','','',2019,'REALIZED','cmmgz5v2t000f3de8kx3bdl30',254,'2026-03-07T23:49:01.794Z','2026-03-08T00:58:11.269Z');
INSERT OR IGNORE INTO "CareerJob" ("id","nameTr","nameEn","descriptionTr","descriptionEn","yearPredicted","realizationStatus","categoryId","sortOrder","createdAt","updatedAt") VALUES ('cmmgz5w4l00el3de8hotwak2b','Sürücüsüz Sürüş Deneyimi Tasarımcısı','Driverless Ride Experience Designer','','',2019,'REALIZED','cmmgz5v0t00043de86lpi3xh5',255,'2026-03-07T23:49:01.798Z','2026-03-08T00:58:11.269Z');
INSERT OR IGNORE INTO "CareerJob" ("id","nameTr","nameEn","descriptionTr","descriptionEn","yearPredicted","realizationStatus","categoryId","sortOrder","createdAt","updatedAt") VALUES ('cmmgz5w4q00en3de8wgbb6fbq','Sürücüsüz Araç Güvenliği Uzmanı','Driverless Vehicle Security Specialist','','',2019,'REALIZED','cmmgz5v0t00043de86lpi3xh5',256,'2026-03-07T23:49:01.802Z','2026-03-08T00:58:11.269Z');
INSERT OR IGNORE INTO "CareerJob" ("id","nameTr","nameEn","descriptionTr","descriptionEn","yearPredicted","realizationStatus","categoryId","sortOrder","createdAt","updatedAt") VALUES ('cmmgz5w4v00ep3de803bs4c2a','Sürücüsüz Araç Mühendisi','Autonomous Car Engineer','','',2019,'REALIZED','cmmgz5v0t00043de86lpi3xh5',257,'2026-03-07T23:49:01.807Z','2026-03-08T00:58:11.269Z');
INSERT OR IGNORE INTO "CareerJob" ("id","nameTr","nameEn","descriptionTr","descriptionEn","yearPredicted","realizationStatus","categoryId","sortOrder","createdAt","updatedAt") VALUES ('cmmgz5w4z00er3de8emz5yc8h','Sürücüsüz İşletim Sistemi Mühendisi','Driverless Operating System Engineer','','',2019,'NOT_YET','cmmgz5v0t00043de86lpi3xh5',258,'2026-03-07T23:49:01.812Z','2026-03-08T00:58:11.269Z');
INSERT OR IGNORE INTO "CareerJob" ("id","nameTr","nameEn","descriptionTr","descriptionEn","yearPredicted","realizationStatus","categoryId","sortOrder","createdAt","updatedAt") VALUES ('cmmgz5w5400et3de879fjyvc5','Sürücüsüz Nesnelerde Acil Müdahale Takımı','Emergency Crew For Driverless Things','','',2019,'NOT_YET','cmmgz5v0t00043de86lpi3xh5',259,'2026-03-07T23:49:01.816Z','2026-03-08T00:58:11.269Z');
INSERT OR IGNORE INTO "CareerJob" ("id","nameTr","nameEn","descriptionTr","descriptionEn","yearPredicted","realizationStatus","categoryId","sortOrder","createdAt","updatedAt") VALUES ('cmmgz5w5800ev3de8hdf0auri','Trol Yuvası Tespit Uzmanı','Troll Farm Detector','','',2019,'REALIZED','cmmgz5v2t000f3de8kx3bdl30',260,'2026-03-07T23:49:01.821Z','2026-03-08T00:58:11.269Z');
INSERT OR IGNORE INTO "CareerJob" ("id","nameTr","nameEn","descriptionTr","descriptionEn","yearPredicted","realizationStatus","categoryId","sortOrder","createdAt","updatedAt") VALUES ('cmmgz5w5d00ex3de8ct8yozl6','Uzay Kâşifi','Space Explorer','','',2019,'NOT_YET','cmmgz5v2n000e3de86klcfk8q',261,'2026-03-07T23:49:01.825Z','2026-03-08T00:58:11.269Z');
INSERT OR IGNORE INTO "CareerJob" ("id","nameTr","nameEn","descriptionTr","descriptionEn","yearPredicted","realizationStatus","categoryId","sortOrder","createdAt","updatedAt") VALUES ('cmmgz5w5h00ez3de8dqd59i5j','Üst Düzey Karar Verici','Ultimate Decision Maker','','',2019,'NOT_YET','cmmgz5v0i00023de8ibgmqk5v',262,'2026-03-07T23:49:01.830Z','2026-03-08T00:58:11.269Z');
INSERT OR IGNORE INTO "CareerJob" ("id","nameTr","nameEn","descriptionTr","descriptionEn","yearPredicted","realizationStatus","categoryId","sortOrder","createdAt","updatedAt") VALUES ('cmmgz5w5o00f13de8itrm3zjs','Üyelik Servisleri Yöneticisi','Member Services/Enrollment Manager','','',2019,'REALIZED','cmmgz5v2t000f3de8kx3bdl30',263,'2026-03-07T23:49:01.836Z','2026-03-08T00:58:11.269Z');
INSERT OR IGNORE INTO "CareerJob" ("id","nameTr","nameEn","descriptionTr","descriptionEn","yearPredicted","realizationStatus","categoryId","sortOrder","createdAt","updatedAt") VALUES ('cmmgz5w5s00f33de87rced0k3','Veri Akışı Organizatörü','Data Stream Organizer','','',2019,'REALIZED','cmmgz5v0i00023de8ibgmqk5v',264,'2026-03-07T23:49:01.840Z','2026-03-08T00:58:11.269Z');
INSERT OR IGNORE INTO "CareerJob" ("id","nameTr","nameEn","descriptionTr","descriptionEn","yearPredicted","realizationStatus","categoryId","sortOrder","createdAt","updatedAt") VALUES ('cmmgz5w5x00f53de8ssxvlm4b','Veri Dedektifi','Data Detective','','',2019,'REALIZED','cmmgz5v0i00023de8ibgmqk5v',265,'2026-03-07T23:49:01.845Z','2026-03-08T00:58:11.269Z');
INSERT OR IGNORE INTO "CareerJob" ("id","nameTr","nameEn","descriptionTr","descriptionEn","yearPredicted","realizationStatus","categoryId","sortOrder","createdAt","updatedAt") VALUES ('cmmgz5w6100f73de8yzut5rty','Veri Mimarı','Data Architect','','',2019,'REALIZED','cmmgz5v0i00023de8ibgmqk5v',266,'2026-03-07T23:49:01.849Z','2026-03-08T00:58:11.269Z');
INSERT OR IGNORE INTO "CareerJob" ("id","nameTr","nameEn","descriptionTr","descriptionEn","yearPredicted","realizationStatus","categoryId","sortOrder","createdAt","updatedAt") VALUES ('cmmgz5w6600f93de89niapg0f','Veri Odaklı Çevre Tasarımcısı','Data-Based Environment Designer','','',2019,'REALIZED','cmmgz5v0i00023de8ibgmqk5v',267,'2026-03-07T23:49:01.854Z','2026-03-08T00:58:11.269Z');
INSERT OR IGNORE INTO "CareerJob" ("id","nameTr","nameEn","descriptionTr","descriptionEn","yearPredicted","realizationStatus","categoryId","sortOrder","createdAt","updatedAt") VALUES ('cmmgz5w6a00fb3de8tgzgcsvp','Veri Ön İşlemeciler','Data Pre-Processor','','',2019,'REALIZED','cmmgz5v0i00023de8ibgmqk5v',268,'2026-03-07T23:49:01.859Z','2026-03-08T00:58:11.269Z');
INSERT OR IGNORE INTO "CareerJob" ("id","nameTr","nameEn","descriptionTr","descriptionEn","yearPredicted","realizationStatus","categoryId","sortOrder","createdAt","updatedAt") VALUES ('cmmgz5w6f00fd3de8hk9hzqd6','Veri Regülasyon Uzmanı','Data Regulation Specialist','','',2019,'REALIZED','cmmgz5v0i00023de8ibgmqk5v',269,'2026-03-07T23:49:01.863Z','2026-03-08T00:58:11.269Z');
INSERT OR IGNORE INTO "CareerJob" ("id","nameTr","nameEn","descriptionTr","descriptionEn","yearPredicted","realizationStatus","categoryId","sortOrder","createdAt","updatedAt") VALUES ('cmmgz5w6l00ff3de8cubdp503','Veri Tutma Uzmanı','Data Hostage Specialist','','',2019,'NOT_YET','cmmgz5v0i00023de8ibgmqk5v',270,'2026-03-07T23:49:01.869Z','2026-03-08T00:58:11.269Z');
INSERT OR IGNORE INTO "CareerJob" ("id","nameTr","nameEn","descriptionTr","descriptionEn","yearPredicted","realizationStatus","categoryId","sortOrder","createdAt","updatedAt") VALUES ('cmmgz5w6q00fh3de8pljfg55q','Vücut Değişimi/Güncelleme Etik Uzmanı','Body Modification Ethicist','','',2019,'NOT_YET','cmmgz5v1d00073de8aipnzlzm',271,'2026-03-07T23:49:01.874Z','2026-03-08T00:58:11.269Z');
INSERT OR IGNORE INTO "CareerJob" ("id","nameTr","nameEn","descriptionTr","descriptionEn","yearPredicted","realizationStatus","categoryId","sortOrder","createdAt","updatedAt") VALUES ('cmmgz5w6u00fj3de8apw7owwd','Yapay Zeka Araştırmaları Bilim Uzmanı','AI Research Scientist','','',2019,'REALIZED','cmmgz5uzz00003de8sh915ss3',272,'2026-03-07T23:49:01.879Z','2026-03-08T00:58:11.269Z');
INSERT OR IGNORE INTO "CareerJob" ("id","nameTr","nameEn","descriptionTr","descriptionEn","yearPredicted","realizationStatus","categoryId","sortOrder","createdAt","updatedAt") VALUES ('cmmgz5w6z00fl3de8lz32npgg','Yapay Zeka Bias Tespit Uzmanı','AI Bias Detection Specialist','','',2019,'REALIZED','cmmgz5uzz00003de8sh915ss3',273,'2026-03-07T23:49:01.883Z','2026-03-08T00:58:11.269Z');
INSERT OR IGNORE INTO "CareerJob" ("id","nameTr","nameEn","descriptionTr","descriptionEn","yearPredicted","realizationStatus","categoryId","sortOrder","createdAt","updatedAt") VALUES ('cmmgz5w7400fn3de8itkohn1y','Yapay Zeka Çözüm Sağlayıcıları','Artificial Intelligence Handler','','',2019,'REALIZED','cmmgz5uzz00003de8sh915ss3',274,'2026-03-07T23:49:01.889Z','2026-03-08T00:58:11.269Z');
INSERT OR IGNORE INTO "CareerJob" ("id","nameTr","nameEn","descriptionTr","descriptionEn","yearPredicted","realizationStatus","categoryId","sortOrder","createdAt","updatedAt") VALUES ('cmmgz5w7900fp3de83cv4gk02','Yapay Zeka Eğitmeni','AI Trainer','','',2019,'REALIZED','cmmgz5uzz00003de8sh915ss3',275,'2026-03-07T23:49:01.894Z','2026-03-08T00:58:11.269Z');
INSERT OR IGNORE INTO "CareerJob" ("id","nameTr","nameEn","descriptionTr","descriptionEn","yearPredicted","realizationStatus","categoryId","sortOrder","createdAt","updatedAt") VALUES ('cmmgz5w7g00fr3de8tnnopeh3','Yapay Zeka İş Geliştirme Yöneticisi','AI Business Development Manager','','',2019,'NOT_YET','cmmgz5uzz00003de8sh915ss3',276,'2026-03-07T23:49:01.900Z','2026-03-08T00:58:11.269Z');
INSERT OR IGNORE INTO "CareerJob" ("id","nameTr","nameEn","descriptionTr","descriptionEn","yearPredicted","realizationStatus","categoryId","sortOrder","createdAt","updatedAt") VALUES ('cmmgz5w7n00ft3de8hlvee9i5','Yapay Zeka Mahremiyet Uzmanı','AI Privacy Specialist','','',2019,'EMERGING','cmmgz5uzz00003de8sh915ss3',277,'2026-03-07T23:49:01.907Z','2026-03-08T00:58:11.269Z');
INSERT OR IGNORE INTO "CareerJob" ("id","nameTr","nameEn","descriptionTr","descriptionEn","yearPredicted","realizationStatus","categoryId","sortOrder","createdAt","updatedAt") VALUES ('cmmgz5w7x00fv3de81wc5c28a','Yapay Zeka Tabanlı Dijital Stratejist','AI-Based Digital Strategist','','',2019,'REALIZED','cmmgz5uzz00003de8sh915ss3',278,'2026-03-07T23:49:01.918Z','2026-03-08T00:58:11.269Z');
INSERT OR IGNORE INTO "CareerJob" ("id","nameTr","nameEn","descriptionTr","descriptionEn","yearPredicted","realizationStatus","categoryId","sortOrder","createdAt","updatedAt") VALUES ('cmmgz5w8300fx3de85k0b2f30','YZ Tabanlı Kullanıcı Deneyimi Denetleyicisi','AI-Based UX Controller','','',2019,'REALIZED','cmmgz5uzz00003de8sh915ss3',279,'2026-03-07T23:49:01.923Z','2026-03-08T00:58:11.269Z');
INSERT OR IGNORE INTO "CareerJob" ("id","nameTr","nameEn","descriptionTr","descriptionEn","yearPredicted","realizationStatus","categoryId","sortOrder","createdAt","updatedAt") VALUES ('cmmgz5w8700fz3de8rhp52qbm','YZ Tabanlı Kullanıcı Deneyimi Tasarımcısı','AI-Based UX Designer','','',2019,'REALIZED','cmmgz5uzz00003de8sh915ss3',280,'2026-03-07T23:49:01.928Z','2026-03-08T00:58:11.269Z');
INSERT OR IGNORE INTO "CareerJob" ("id","nameTr","nameEn","descriptionTr","descriptionEn","yearPredicted","realizationStatus","categoryId","sortOrder","createdAt","updatedAt") VALUES ('cmmgz5w8d00g13de8akv4xqdw','YZ Tabanlı Müşteri Hizmetleri Yöneticisi','AI-Based Customer Service Manager','','',2019,'REALIZED','cmmgz5uzz00003de8sh915ss3',281,'2026-03-07T23:49:01.933Z','2026-03-08T00:58:11.269Z');
INSERT OR IGNORE INTO "CareerJob" ("id","nameTr","nameEn","descriptionTr","descriptionEn","yearPredicted","realizationStatus","categoryId","sortOrder","createdAt","updatedAt") VALUES ('cmmgz5w8i00g33de8me6ycdzg','YZ Tabanlı Sağlık Teknisyeni','AI-Assisted Healthcare Technician','','',2019,'REALIZED','cmmgz5uzz00003de8sh915ss3',282,'2026-03-07T23:49:01.938Z','2026-03-08T00:58:11.269Z');
INSERT OR IGNORE INTO "CareerJob" ("id","nameTr","nameEn","descriptionTr","descriptionEn","yearPredicted","realizationStatus","categoryId","sortOrder","createdAt","updatedAt") VALUES ('cmmgz5w8m00g53de81ge5v3vz','YZ Tabanlı Sistem Analisti','AI-Based Systems Analyst','','',2019,'REALIZED','cmmgz5uzz00003de8sh915ss3',283,'2026-03-07T23:49:01.942Z','2026-03-08T00:58:11.269Z');
INSERT OR IGNORE INTO "CareerJob" ("id","nameTr","nameEn","descriptionTr","descriptionEn","yearPredicted","realizationStatus","categoryId","sortOrder","createdAt","updatedAt") VALUES ('cmmgz5w8r00g73de8ccwy2iu8','YZ Tabanlı Tedarik Zinciri Tasarımcısı','AI-Based Supply Chain Designer','','',2019,'NOT_YET','cmmgz5uzz00003de8sh915ss3',284,'2026-03-07T23:49:01.947Z','2026-03-08T00:58:11.269Z');
INSERT OR IGNORE INTO "CareerJob" ("id","nameTr","nameEn","descriptionTr","descriptionEn","yearPredicted","realizationStatus","categoryId","sortOrder","createdAt","updatedAt") VALUES ('cmmgz5w8v00g93de8ccx1mj70','Yapay Zeka Teknisyeni','AI Technician','','',2019,'REALIZED','cmmgz5uzz00003de8sh915ss3',285,'2026-03-07T23:49:01.952Z','2026-03-08T00:58:11.269Z');
INSERT OR IGNORE INTO "CareerJob" ("id","nameTr","nameEn","descriptionTr","descriptionEn","yearPredicted","realizationStatus","categoryId","sortOrder","createdAt","updatedAt") VALUES ('cmmgz5w8z00gb3de83nb7vhwp','YZ Teknolojisi Kolaylaştırıcı','AI/T Facilitator','','',2019,'REALIZED','cmmgz5uzz00003de8sh915ss3',286,'2026-03-07T23:49:01.956Z','2026-03-08T00:58:11.269Z');
INSERT OR IGNORE INTO "CareerJob" ("id","nameTr","nameEn","descriptionTr","descriptionEn","yearPredicted","realizationStatus","categoryId","sortOrder","createdAt","updatedAt") VALUES ('cmmgz5w9400gd3de8orcy2cby','YZ Teknolojisi Tabanlı Tasarımcı','AI/T in Medicine Based Designer','','',2019,'REALIZED','cmmgz5uzz00003de8sh915ss3',287,'2026-03-07T23:49:01.960Z','2026-03-08T00:58:11.269Z');
INSERT OR IGNORE INTO "CareerJob" ("id","nameTr","nameEn","descriptionTr","descriptionEn","yearPredicted","realizationStatus","categoryId","sortOrder","createdAt","updatedAt") VALUES ('cmmgz5w9900gf3de8hpst61a1','Yapay Zeka Yetki Brokırı','AI Delegation Broker','','',2019,'NOT_YET','cmmgz5uzz00003de8sh915ss3',288,'2026-03-07T23:49:01.965Z','2026-03-08T00:58:11.269Z');
INSERT OR IGNORE INTO "CareerJob" ("id","nameTr","nameEn","descriptionTr","descriptionEn","yearPredicted","realizationStatus","categoryId","sortOrder","createdAt","updatedAt") VALUES ('cmmgz5w9d00gh3de83jf8a5jq','Yaratıcılık Uzmanı','Creative Profession Specialist','','',2019,'REALIZED','cmmgz5v2t000f3de8kx3bdl30',289,'2026-03-07T23:49:01.970Z','2026-03-08T00:58:11.269Z');
INSERT OR IGNORE INTO "CareerJob" ("id","nameTr","nameEn","descriptionTr","descriptionEn","yearPredicted","realizationStatus","categoryId","sortOrder","createdAt","updatedAt") VALUES ('cmmgz5w9j00gj3de8syhw108j','Yaşam Biçimi Denetleyicisi','Lifestyle Auditor','','',2019,'REALIZED','cmmgz5v2t000f3de8kx3bdl30',290,'2026-03-07T23:49:01.975Z','2026-03-08T00:58:11.269Z');
INSERT OR IGNORE INTO "CareerJob" ("id","nameTr","nameEn","descriptionTr","descriptionEn","yearPredicted","realizationStatus","categoryId","sortOrder","createdAt","updatedAt") VALUES ('cmmgz5w9o00gl3de8i4awzfgk','Yaşlılar İçin Yaşam Biçimi Yöneticisi','Senior Wellness Manager','','',2019,'REALIZED','cmmgz5v1000053de8yywvbkja',291,'2026-03-07T23:49:01.980Z','2026-03-08T00:58:11.269Z');
INSERT OR IGNORE INTO "CareerJob" ("id","nameTr","nameEn","descriptionTr","descriptionEn","yearPredicted","realizationStatus","categoryId","sortOrder","createdAt","updatedAt") VALUES ('cmmgz5w9t00gn3de8ow9sn3fp','Yayın Akışı Yönlendiricisi (Streamcaster)','Streamcaster','','',2019,'REALIZED','cmmgz5v2t000f3de8kx3bdl30',292,'2026-03-07T23:49:01.985Z','2026-03-08T00:58:11.269Z');
INSERT OR IGNORE INTO "CareerJob" ("id","nameTr","nameEn","descriptionTr","descriptionEn","yearPredicted","realizationStatus","categoryId","sortOrder","createdAt","updatedAt") VALUES ('cmmgz5w9x00gp3de8ea6lmyo7','Yazılım Mühendisi','Software Engineer','','',2019,'LIFECYCLE_END','cmmgz5v2t000f3de8kx3bdl30',293,'2026-03-07T23:49:01.990Z','2026-03-08T00:58:11.269Z');
INSERT OR IGNORE INTO "CareerJob" ("id","nameTr","nameEn","descriptionTr","descriptionEn","yearPredicted","realizationStatus","categoryId","sortOrder","createdAt","updatedAt") VALUES ('cmmgz5wa300gr3de8nlqxvo41','Yeşil Enerji Oluşturucu','Green Power Creator','','',2019,'REALIZED','cmmgz5v1700063de8nhtxovqo',294,'2026-03-07T23:49:01.995Z','2026-03-08T00:58:11.269Z');
INSERT OR IGNORE INTO "CareerJob" ("id","nameTr","nameEn","descriptionTr","descriptionEn","yearPredicted","realizationStatus","categoryId","sortOrder","createdAt","updatedAt") VALUES ('cmmgz5wa800gt3de812a80gdq','Zeki Dijital Temsilci/Vekil','Intelligent Digital Agent','','',2019,'REALIZED','cmmgz5v2t000f3de8kx3bdl30',295,'2026-03-07T23:49:02.000Z','2026-03-08T00:58:11.269Z');

-- Career Discovery Questions
INSERT OR IGNORE INTO "CareerDiscoveryQuestion" ("id","questionNumber","educationLevel","sectionTitle","questionTr","questionEn","questionAr","suggestedJobs","categoryTag","answerOptions","gameContext","sortOrder","createdAt","categoryId") VALUES ('cmmgz5wad00gu3de8i62cvcdq',1,'PRIMARY','','Boş zamanında en çok ne yapmaktan hoşlanırsın? (Resim yapmak / Oyun oynamak / Hayvanlarla ilgilenmek / Kitap okumak)','','','Tasarımcı, Oyun Koçu, Orman Terapist, Dijital Hümanist','Tasarım & Eğitim',NULL,'',1,'2026-03-07T23:49:02.006Z',NULL);
INSERT OR IGNORE INTO "CareerDiscoveryQuestion" ("id","questionNumber","educationLevel","sectionTitle","questionTr","questionEn","questionAr","suggestedJobs","categoryTag","answerOptions","gameContext","sortOrder","createdAt","categoryId") VALUES ('cmmgz5waj00gv3de8qbd0wn0b',2,'PRIMARY','','Bir şey bozulduğunda ne yapmak istersin? (Tamir etmek / Yardım istemek / Yeni bir şey icat etmek)','','','Robot Koordinatörü, 3D Yazıcı Mühendisi, YZ Teknisyeni','Robotik & Mühendislik',NULL,'',2,'2026-03-07T23:49:02.011Z',NULL);
INSERT OR IGNORE INTO "CareerDiscoveryQuestion" ("id","questionNumber","educationLevel","sectionTitle","questionTr","questionEn","questionAr","suggestedJobs","categoryTag","answerOptions","gameContext","sortOrder","createdAt","categoryId") VALUES ('cmmgz5wan00gw3de8xjbn4yxb',3,'PRIMARY','','Arkadaşların sana ne için gelir? (Yardım için / Oyun kurallarını açıklamak için / Harika fikirler için)','','','Koçluk, Oyun Tasarımı, YZ Danışmanlığı','Eğitim & Koçluk',NULL,'',3,'2026-03-07T23:49:02.016Z',NULL);
INSERT OR IGNORE INTO "CareerDiscoveryQuestion" ("id","questionNumber","educationLevel","sectionTitle","questionTr","questionEn","questionAr","suggestedJobs","categoryTag","answerOptions","gameContext","sortOrder","createdAt","categoryId") VALUES ('cmmgz5was00gx3de8mzalbip9',4,'PRIMARY','','Hayvanları ve doğayı seviyor musun? Doğada ne yapmaktan hoşlanırsın?','','','Orman Terapist, Aquaponic Balık Çiftçisi, Çevre Mühendisi','Çevre & Sürdürülebilirlik',NULL,'',4,'2026-03-07T23:49:02.020Z',NULL);
INSERT OR IGNORE INTO "CareerDiscoveryQuestion" ("id","questionNumber","educationLevel","sectionTitle","questionTr","questionEn","questionAr","suggestedJobs","categoryTag","answerOptions","gameContext","sortOrder","createdAt","categoryId") VALUES ('cmmgz5way00gy3de8qu4lsaok',5,'PRIMARY','','Masallar ve hikayeler yazabilir misin? Hayal gücün çok mu geniş?','','','Sentetik Tarih Yazarı, Avatar Tasarımcı, Dijital Hümanist','Yaratıcı Meslekler',NULL,'',5,'2026-03-07T23:49:02.027Z',NULL);
INSERT OR IGNORE INTO "CareerDiscoveryQuestion" ("id","questionNumber","educationLevel","sectionTitle","questionTr","questionEn","questionAr","suggestedJobs","categoryTag","answerOptions","gameContext","sortOrder","createdAt","categoryId") VALUES ('cmmgz5wb600gz3de8vwv0p43d',6,'PRIMARY','','Sayılar ve bulmacalar seni eğlendiriyor mu? Matematik oyunları sever misin?','','','Veri Analisti, Kuantum Analisti, Algoritma Uzmanı','Veri & Analitik',NULL,'',6,'2026-03-07T23:49:02.034Z',NULL);
INSERT OR IGNORE INTO "CareerDiscoveryQuestion" ("id","questionNumber","educationLevel","sectionTitle","questionTr","questionEn","questionAr","suggestedJobs","categoryTag","answerOptions","gameContext","sortOrder","createdAt","categoryId") VALUES ('cmmgz5wbd00h03de8tnzvymo9',7,'PRIMARY','','Oyun oynarken mi yoksa oyun kurarken mi daha çok eğlenirsin?','','','Oyun Tasarımcısı, E-spor Koçu, YZ Oyun Analisti','Oyun & E-Spor',NULL,'',7,'2026-03-07T23:49:02.041Z',NULL);
INSERT OR IGNORE INTO "CareerDiscoveryQuestion" ("id","questionNumber","educationLevel","sectionTitle","questionTr","questionEn","questionAr","suggestedJobs","categoryTag","answerOptions","gameContext","sortOrder","createdAt","categoryId") VALUES ('cmmgz5wbi00h13de89o6ei9bv',8,'PRIMARY','','Başkalarına yardım etmek seni mutlu ediyor mu? Hastane veya yardım işleri ilgini çeker mi?','','','Medikal Mentör, Yaşlı Bakım Mühendisi, Sağlık Bilgi Teknisyeni','Sağlık & Bakım',NULL,'',8,'2026-03-07T23:49:02.047Z',NULL);
INSERT OR IGNORE INTO "CareerDiscoveryQuestion" ("id","questionNumber","educationLevel","sectionTitle","questionTr","questionEn","questionAr","suggestedJobs","categoryTag","answerOptions","gameContext","sortOrder","createdAt","categoryId") VALUES ('cmmgz5wbn00h23de8m1frdhkl',9,'PRIMARY','','Robot veya makineler seni korkutur mu, heyecanlandırır mı?','','','Robot Koordinatörü, Otonom Araç Mühendisi, Dron Teknisyeni','Robotik',NULL,'',9,'2026-03-07T23:49:02.052Z',NULL);
INSERT OR IGNORE INTO "CareerDiscoveryQuestion" ("id","questionNumber","educationLevel","sectionTitle","questionTr","questionEn","questionAr","suggestedJobs","categoryTag","answerOptions","gameContext","sortOrder","createdAt","categoryId") VALUES ('cmmgz5wbs00h33de87ycqcagr',10,'PRIMARY','','Ekranlar, bilgisayarlar ve teknoloji aletleri seni çok mu çekiyor?','','','Prompt Mühendisi, YZ Eğitmeni, Mobil Uygulama Geliştirici','Teknoloji',NULL,'',10,'2026-03-07T23:49:02.056Z',NULL);
INSERT OR IGNORE INTO "CareerDiscoveryQuestion" ("id","questionNumber","educationLevel","sectionTitle","questionTr","questionEn","questionAr","suggestedJobs","categoryTag","answerOptions","gameContext","sortOrder","createdAt","categoryId") VALUES ('cmmgz5wbw00h43de831yaodvn',11,'PRIMARY','','Yanlış bir şey gördüğünde ne yaparsın? (Söyler misin / Geçer misin)','','','Hukuk & Etik Meslekleri, Sosyal Puanlama Avukatı','Hukuk & Etik',NULL,'',11,'2026-03-07T23:49:02.061Z',NULL);
INSERT OR IGNORE INTO "CareerDiscoveryQuestion" ("id","questionNumber","educationLevel","sectionTitle","questionTr","questionEn","questionAr","suggestedJobs","categoryTag","answerOptions","gameContext","sortOrder","createdAt","categoryId") VALUES ('cmmgz5wc100h53de8u0le1v9p',12,'PRIMARY','','Bir şey öğrenirken en çok ne işine yarar? (Deneyerek / Dinleyerek / Görerek)','','','Eğitim Rehberi, Kişiselleştirilmiş Öğrenme Koçu','Eğitim',NULL,'',12,'2026-03-07T23:49:02.065Z',NULL);
INSERT OR IGNORE INTO "CareerDiscoveryQuestion" ("id","questionNumber","educationLevel","sectionTitle","questionTr","questionEn","questionAr","suggestedJobs","categoryTag","answerOptions","gameContext","sortOrder","createdAt","categoryId") VALUES ('cmmgz5wc500h63de8bvpx4tfq',13,'PRIMARY','','Arkadaşının üzgün olduğunu fark edersen ne yaparsın?','','','Yapay Yalnızlık Terapisti, Yaşam Koçu, Psikoloji Meslekleri','Psikoloji & Ruh Sağlığı',NULL,'',13,'2026-03-07T23:49:02.069Z',NULL);
INSERT OR IGNORE INTO "CareerDiscoveryQuestion" ("id","questionNumber","educationLevel","sectionTitle","questionTr","questionEn","questionAr","suggestedJobs","categoryTag","answerOptions","gameContext","sortOrder","createdAt","categoryId") VALUES ('cmmgz5wc900h73de8h3ek61n3',14,'PRIMARY','','Gezegenimizi korumak için ne yapabilirsin?','','','Karbon Mühendisi, Çevre Analisti, Yeşil Enerji Uzmanı','Çevre',NULL,'',14,'2026-03-07T23:49:02.074Z',NULL);
INSERT OR IGNORE INTO "CareerDiscoveryQuestion" ("id","questionNumber","educationLevel","sectionTitle","questionTr","questionEn","questionAr","suggestedJobs","categoryTag","answerOptions","gameContext","sortOrder","createdAt","categoryId") VALUES ('cmmgz5wcf00h83de8n25wjlzf',15,'PRIMARY','','Kamera önünde olmaktan hoşlanır mısın?','','','Sanal İdol Menajeri, Metaverse Influencer, Dijital Yetenek Yöneticisi','Medya & İletişim',NULL,'',15,'2026-03-07T23:49:02.079Z',NULL);
INSERT OR IGNORE INTO "CareerDiscoveryQuestion" ("id","questionNumber","educationLevel","sectionTitle","questionTr","questionEn","questionAr","suggestedJobs","categoryTag","answerOptions","gameContext","sortOrder","createdAt","categoryId") VALUES ('cmmgz5wcj00h93de8frlbtp01',1,'MIDDLE','','Bir bilgisayar programını ya da uygulamayı kendin yapmak ister misin? Kodlama seni heyecanlandırıyor mu?','','','Prompt Mühendisi, No-Code Mentor, YZ Geliştirici','YZ & Yazılım',NULL,'',16,'2026-03-07T23:49:02.083Z',NULL);
INSERT OR IGNORE INTO "CareerDiscoveryQuestion" ("id","questionNumber","educationLevel","sectionTitle","questionTr","questionEn","questionAr","suggestedJobs","categoryTag","answerOptions","gameContext","sortOrder","createdAt","categoryId") VALUES ('cmmgz5wco00ha3de892ia4bjo',2,'MIDDLE','','Sosyal medyada insanları etkileyen içerikler üretmek ister misin?','','','İçerik Çiftçisi, Dijital Pazarlama Yöneticisi, Sanal İdol Menajeri','Pazarlama & Medya',NULL,'',17,'2026-03-07T23:49:02.088Z',NULL);
INSERT OR IGNORE INTO "CareerDiscoveryQuestion" ("id","questionNumber","educationLevel","sectionTitle","questionTr","questionEn","questionAr","suggestedJobs","categoryTag","answerOptions","gameContext","sortOrder","createdAt","categoryId") VALUES ('cmmgz5wcu00hb3de89nfp5lfb',3,'MIDDLE','','İnsanların verilerinin çalınması veya gizliliklerinin ihlal edilmesi seni rahatsız ediyor mu?','','','Siber Güvenlik Analisti, Veri Mahremiyet Uzmanı, Kişisel Veri Teminatçısı','Güvenlik & Hukuk',NULL,'',18,'2026-03-07T23:49:02.095Z',NULL);
INSERT OR IGNORE INTO "CareerDiscoveryQuestion" ("id","questionNumber","educationLevel","sectionTitle","questionTr","questionEn","questionAr","suggestedJobs","categoryTag","answerOptions","gameContext","sortOrder","createdAt","categoryId") VALUES ('cmmgz5wd000hc3de8iiv4dwo9',4,'MIDDLE','','Dijital dünyada sahte haberler ve yalan bilgiler konusu seni kaygılandırıyor mu?','','','Dezenformasyon Muhabiri, Trol Tespit Uzmanı, Gerçeklik Onaylayıcısı','Medya & Hukuk',NULL,'',19,'2026-03-07T23:49:02.100Z',NULL);
INSERT OR IGNORE INTO "CareerDiscoveryQuestion" ("id","questionNumber","educationLevel","sectionTitle","questionTr","questionEn","questionAr","suggestedJobs","categoryTag","answerOptions","gameContext","sortOrder","createdAt","categoryId") VALUES ('cmmgz5wd500hd3de8ciz2oni7',5,'MIDDLE','','İklim değişikliği ve çevre sorunları seni aktif olarak endişelendiriyor mu?','','','Karbon Mühendisi, İklim Analisti, Çevre Tasarımcısı','Çevre',NULL,'',20,'2026-03-07T23:49:02.105Z',NULL);
INSERT OR IGNORE INTO "CareerDiscoveryQuestion" ("id","questionNumber","educationLevel","sectionTitle","questionTr","questionEn","questionAr","suggestedJobs","categoryTag","answerOptions","gameContext","sortOrder","createdAt","categoryId") VALUES ('cmmgz5wd900he3de8l18r0s9d',6,'MIDDLE','','Sanal oyunlar veya e-spor turnuvalarına çok vakit ayırıyor musun?','','','E-Spor Koçu, Oyun Tasarımcısı, E-Spor Yetenek Avcısı','E-Spor',NULL,'',21,'2026-03-07T23:49:02.110Z',NULL);
INSERT OR IGNORE INTO "CareerDiscoveryQuestion" ("id","questionNumber","educationLevel","sectionTitle","questionTr","questionEn","questionAr","suggestedJobs","categoryTag","answerOptions","gameContext","sortOrder","createdAt","categoryId") VALUES ('cmmgz5wde00hf3de8s8f46rvm',7,'MIDDLE','','İnsan psikolojisi ve davranışları seni merak ettiriyor mu?','','','Robo-Psikolog, Yapay Yalnızlık Terapisti, Bilişsel Müzikolog','Psikoloji',NULL,'',22,'2026-03-07T23:49:02.115Z',NULL);
INSERT OR IGNORE INTO "CareerDiscoveryQuestion" ("id","questionNumber","educationLevel","sectionTitle","questionTr","questionEn","questionAr","suggestedJobs","categoryTag","answerOptions","gameContext","sortOrder","createdAt","categoryId") VALUES ('cmmgz5wdi00hg3de8o6pt0iaw',8,'MIDDLE','','Farklı kültürlerden insanlarla iletişim kurmak ve uluslararası konular ilgini çeker mi?','','','Tekno-Diplomat, Metaverse Avukatı, Küresel Sistem Mimarı','Diplomasi & Hukuk',NULL,'',23,'2026-03-07T23:49:02.119Z',NULL);
INSERT OR IGNORE INTO "CareerDiscoveryQuestion" ("id","questionNumber","educationLevel","sectionTitle","questionTr","questionEn","questionAr","suggestedJobs","categoryTag","answerOptions","gameContext","sortOrder","createdAt","categoryId") VALUES ('cmmgz5wdp00hh3de8x1m42yx2',9,'MIDDLE','','Bir şeyin nasıl çalıştığını anlamak için parçalarına ayırır mısın?','','','Veri Dedektifi, Süreç Madencisi, Sistem Mimarı','Analitik',NULL,'',24,'2026-03-07T23:49:02.125Z',NULL);
INSERT OR IGNORE INTO "CareerDiscoveryQuestion" ("id","questionNumber","educationLevel","sectionTitle","questionTr","questionEn","questionAr","suggestedJobs","categoryTag","answerOptions","gameContext","sortOrder","createdAt","categoryId") VALUES ('cmmgz5wdw00hi3de84w88apil',10,'MIDDLE','','Dijital sanat, 3D tasarım veya animasyon üretmek ister misin?','','','Avatar Tasarımcısı, Dijital Terzi, NFT Sanatçısı','Tasarım & Sanat',NULL,'',25,'2026-03-07T23:49:02.132Z',NULL);
INSERT OR IGNORE INTO "CareerDiscoveryQuestion" ("id","questionNumber","educationLevel","sectionTitle","questionTr","questionEn","questionAr","suggestedJobs","categoryTag","answerOptions","gameContext","sortOrder","createdAt","categoryId") VALUES ('cmmgz5we100hj3de8vdgh2321',11,'MIDDLE','','Yapay zeka insanların işlerini elinden alacak mı diye düşünüyor musun? Bu seni nasıl hissettiriyor?','','','YZ Etik Uzmanı, İnsan Onurunu Koruma Memuru, Reskilling Uzmanı','Etik & Sosyal',NULL,'',26,'2026-03-07T23:49:02.138Z',NULL);
INSERT OR IGNORE INTO "CareerDiscoveryQuestion" ("id","questionNumber","educationLevel","sectionTitle","questionTr","questionEn","questionAr","suggestedJobs","categoryTag","answerOptions","gameContext","sortOrder","createdAt","categoryId") VALUES ('cmmgz5we700hk3de8uv01z2fb',12,'MIDDLE','','Biyoteknoloji sayesinde insanların daha uzun yaşaması doğru mudur?','','','Longevity Stratejisti, Genomik Uzman, Biyoteknoloji Mühendisi','Biyoteknoloji',NULL,'',27,'2026-03-07T23:49:02.143Z',NULL);
INSERT OR IGNORE INTO "CareerDiscoveryQuestion" ("id","questionNumber","educationLevel","sectionTitle","questionTr","questionEn","questionAr","suggestedJobs","categoryTag","answerOptions","gameContext","sortOrder","createdAt","categoryId") VALUES ('cmmgz5web00hl3de8zov620gy',13,'MIDDLE','','Robotların hastanelerde, okullarda veya evlerde çalışması hakkında ne düşünüyorsun?','','','İnsan-Makine İlişkileri Düzenleyici, Robot Koordinatörü, Otonom Yaşlı Bakım Mühendisi','Robotik',NULL,'',28,'2026-03-07T23:49:02.148Z',NULL);
INSERT OR IGNORE INTO "CareerDiscoveryQuestion" ("id","questionNumber","educationLevel","sectionTitle","questionTr","questionEn","questionAr","suggestedJobs","categoryTag","answerOptions","gameContext","sortOrder","createdAt","categoryId") VALUES ('cmmgz5weg00hm3de8a2offshr',14,'MIDDLE','','Para yerine kriptoparalar kullanılsaydı ne olurdu?','','','Blockchain Uzmanı, Kripto Dedektif, DAO Güvenlik Uzmanı','Blockchain & Finans',NULL,'',29,'2026-03-07T23:49:02.152Z',NULL);
INSERT OR IGNORE INTO "CareerDiscoveryQuestion" ("id","questionNumber","educationLevel","sectionTitle","questionTr","questionEn","questionAr","suggestedJobs","categoryTag","answerOptions","gameContext","sortOrder","createdAt","categoryId") VALUES ('cmmgz5wek00hn3de8zedjqlc1',15,'MIDDLE','','İnsanlar sanal dünyalarda gerçek kimliklerinden farklı olabilmeli mi?','','','Dijital Kimlik Uzmanı, Metaverse Avukatı, Dijital Persona Yöneticisi','Metaverse & Hukuk',NULL,'',30,'2026-03-07T23:49:02.157Z',NULL);
INSERT OR IGNORE INTO "CareerDiscoveryQuestion" ("id","questionNumber","educationLevel","sectionTitle","questionTr","questionEn","questionAr","suggestedJobs","categoryTag","answerOptions","gameContext","sortOrder","createdAt","categoryId") VALUES ('cmmgz5weo00ho3de8hx68uemg',16,'MIDDLE','','Dünyanın en büyük problemi nedir sence? Bu problemi çözmek için ne yapılabilir?','','','İklim Analisti, Sosyal Girişimci, Etik Kaynak Uzmanı','Sürdürülebilirlik',NULL,'',31,'2026-03-07T23:49:02.161Z',NULL);
INSERT OR IGNORE INTO "CareerDiscoveryQuestion" ("id","questionNumber","educationLevel","sectionTitle","questionTr","questionEn","questionAr","suggestedJobs","categoryTag","answerOptions","gameContext","sortOrder","createdAt","categoryId") VALUES ('cmmgz5wes00hp3de8idsaqgjr',17,'MIDDLE','','Bir şirketin sana ait verileri topladığını öğrensen ne yaparsın?','','','Kişisel Veri Brokırı, Veri Düzenleyici, Siber Güvenlik Uzmanı','Veri & Güvenlik',NULL,'',32,'2026-03-07T23:49:02.165Z',NULL);
INSERT OR IGNORE INTO "CareerDiscoveryQuestion" ("id","questionNumber","educationLevel","sectionTitle","questionTr","questionEn","questionAr","suggestedJobs","categoryTag","answerOptions","gameContext","sortOrder","createdAt","categoryId") VALUES ('cmmgz5wex00hq3de8lkpwxiyh',18,'MIDDLE','','Birileri sana online ortamda yalan söylüyor olsa nasıl anlarsın?','','','Deepfake Dedektifi, Gerçeklik Onaylayıcısı, Dezenformasyon Analisti','Medya Okuryazarlığı',NULL,'',33,'2026-03-07T23:49:02.169Z',NULL);
INSERT OR IGNORE INTO "CareerDiscoveryQuestion" ("id","questionNumber","educationLevel","sectionTitle","questionTr","questionEn","questionAr","suggestedJobs","categoryTag","answerOptions","gameContext","sortOrder","createdAt","categoryId") VALUES ('cmmgz5wf200hr3de8ceq36s97',19,'MIDDLE','','Geleceğin meslekleri listesindeki hangisi sana en ilginç geldi? Neden?','','','Genel Kariyer Keşfi','Tüm Kategoriler',NULL,'',34,'2026-03-07T23:49:02.174Z',NULL);
INSERT OR IGNORE INTO "CareerDiscoveryQuestion" ("id","questionNumber","educationLevel","sectionTitle","questionTr","questionEn","questionAr","suggestedJobs","categoryTag","answerOptions","gameContext","sortOrder","createdAt","categoryId") VALUES ('cmmgz5wf600hs3de88c2foohd',20,'MIDDLE','','En iyi öğrendiğin ders hangisi? Bu derse ne zaman ve nasıl başladın?','','','Kişisel Eğitim Rehberi, Beceri Güncelleme Uzmanı','Eğitim',NULL,'',35,'2026-03-07T23:49:02.178Z',NULL);
INSERT OR IGNORE INTO "CareerDiscoveryQuestion" ("id","questionNumber","educationLevel","sectionTitle","questionTr","questionEn","questionAr","suggestedJobs","categoryTag","answerOptions","gameContext","sortOrder","createdAt","categoryId") VALUES ('cmmgz5wfb00ht3de8v3xl334y',1,'HIGH','','Büyük veri setlerini analiz edip anlamlı sonuçlar çıkarmaktan keyif alıyor musun? (SQL, Python, istatistik)','','','Veri Mimarı, Kuantum ML Analisti, Genomik Portfolio Yöneticisi','Veri & Analitik',NULL,'',36,'2026-03-07T23:49:02.183Z',NULL);
INSERT OR IGNORE INTO "CareerDiscoveryQuestion" ("id","questionNumber","educationLevel","sectionTitle","questionTr","questionEn","questionAr","suggestedJobs","categoryTag","answerOptions","gameContext","sortOrder","createdAt","categoryId") VALUES ('cmmgz5wfh00hu3de8rhpoy5in',2,'HIGH','','YZ modelleri eğitmek veya fine-tune etmek seni heyecanlandırıyor mu?','','','LLM Fine-Tuner, YZ Araştırmacısı, Prompt Mühendisi','Yapay Zeka',NULL,'',37,'2026-03-07T23:49:02.190Z',NULL);
INSERT OR IGNORE INTO "CareerDiscoveryQuestion" ("id","questionNumber","educationLevel","sectionTitle","questionTr","questionEn","questionAr","suggestedJobs","categoryTag","answerOptions","gameContext","sortOrder","createdAt","categoryId") VALUES ('cmmgz5wfn00hv3de8sfrxfz3i',3,'HIGH','','Siber güvenlik, şifreleme ve etik hacking konuları seni çekiyor mu?','','','Siber Güvenlik Analisti, Kripto Adli Uzmanı, YZ Arka Kapı Avcısı','Siber Güvenlik',NULL,'',38,'2026-03-07T23:49:02.196Z',NULL);
INSERT OR IGNORE INTO "CareerDiscoveryQuestion" ("id","questionNumber","educationLevel","sectionTitle","questionTr","questionEn","questionAr","suggestedJobs","categoryTag","answerOptions","gameContext","sortOrder","createdAt","categoryId") VALUES ('cmmgz5wfs00hw3de8v9ra2a7v',4,'HIGH','','Hukuki metinler okumak, analiz etmek veya tartışmak seni zorlamıyor mu?','','','Algoritmik Anayasa Yazarı, Dijital Hukuk Danışmanı, Veri Arabulucu','Hukuk',NULL,'',39,'2026-03-07T23:49:02.200Z',NULL);
INSERT OR IGNORE INTO "CareerDiscoveryQuestion" ("id","questionNumber","educationLevel","sectionTitle","questionTr","questionEn","questionAr","suggestedJobs","categoryTag","answerOptions","gameContext","sortOrder","createdAt","categoryId") VALUES ('cmmgz5wfw00hx3de8x7jzagmt',5,'HIGH','','Gen düzenleme (CRISPR), nanoteknoloji veya longevity bilimi senin araştırma alanın olabilir mi?','','','Genomik Uzmanı, Nanoteknoloji Uzmanı, Longevity Stratejisti','Biyoteknoloji',NULL,'',40,'2026-03-07T23:49:02.205Z',NULL);
INSERT OR IGNORE INTO "CareerDiscoveryQuestion" ("id","questionNumber","educationLevel","sectionTitle","questionTr","questionEn","questionAr","suggestedJobs","categoryTag","answerOptions","gameContext","sortOrder","createdAt","categoryId") VALUES ('cmmgz5wg000hy3de84v6dd57v',6,'HIGH','','3D modelleme, XR deneyim tasarımı veya metaverse yapıları üretmek ilgini çeker mi?','','','Metaverse Mimarı, AR/VR Tasarımcısı, Dijital Moda Tasarımcısı','Tasarım & Metaverse',NULL,'',41,'2026-03-07T23:49:02.209Z',NULL);
INSERT OR IGNORE INTO "CareerDiscoveryQuestion" ("id","questionNumber","educationLevel","sectionTitle","questionTr","questionEn","questionAr","suggestedJobs","categoryTag","answerOptions","gameContext","sortOrder","createdAt","categoryId") VALUES ('cmmgz5wg500hz3de8njvelv0y',7,'HIGH','','İklim krizi için somut mühendislik çözümleri geliştirmek istiyorsun?','','','Karbon Mühendisi, Akıllı Şehir Tasarımcısı, İklim Analisti','Çevre Mühendisliği',NULL,'',42,'2026-03-07T23:49:02.213Z',NULL);
INSERT OR IGNORE INTO "CareerDiscoveryQuestion" ("id","questionNumber","educationLevel","sectionTitle","questionTr","questionEn","questionAr","suggestedJobs","categoryTag","answerOptions","gameContext","sortOrder","createdAt","categoryId") VALUES ('cmmgz5wga00i03de8cxw0ac6x',8,'HIGH','','Blockchain ve merkeziyetsiz sistemler üzerine proje geliştirdin mi?','','','DAO Güvenlik Uzmanı, NFT Uzlaştırıcı, Blockchain Proje Yöneticisi','Blockchain',NULL,'',43,'2026-03-07T23:49:02.219Z',NULL);
INSERT OR IGNORE INTO "CareerDiscoveryQuestion" ("id","questionNumber","educationLevel","sectionTitle","questionTr","questionEn","questionAr","suggestedJobs","categoryTag","answerOptions","gameContext","sortOrder","createdAt","categoryId") VALUES ('cmmgz5wgf00i13de8daioafw4',9,'HIGH','','İnsanların duygusal sağlığı ve dijital bağımlılıkla mücadele konusu seni motive ediyor mu?','','','Dijital Terapist, Dikkat Ekonomisi Rehabilitasyon Uzmanı, Yapay Yalnızlık Terapisti','Psikoloji & Dijital Sağlık',NULL,'',44,'2026-03-07T23:49:02.224Z',NULL);
INSERT OR IGNORE INTO "CareerDiscoveryQuestion" ("id","questionNumber","educationLevel","sectionTitle","questionTr","questionEn","questionAr","suggestedJobs","categoryTag","answerOptions","gameContext","sortOrder","createdAt","categoryId") VALUES ('cmmgz5wgk00i23de84j0w2vi2',10,'HIGH','','E-sporda profesyonel kariyer veya e-spor endüstrisinde yöneticilik düşünüyor musun?','','','E-Spor Koçu, E-Spor Yetenek Avcısı, E-Spor Etiği Uygulayıcısı','E-Spor',NULL,'',45,'2026-03-07T23:49:02.229Z',NULL);
INSERT OR IGNORE INTO "CareerDiscoveryQuestion" ("id","questionNumber","educationLevel","sectionTitle","questionTr","questionEn","questionAr","suggestedJobs","categoryTag","answerOptions","gameContext","sortOrder","createdAt","categoryId") VALUES ('cmmgz5wgp00i33de87fwbva0i',11,'HIGH','','Algoritmaların toplumsal kararları etkilemesi (mahkemeler, işe alım, kredi değerlendirme) hakkında ne düşünüyorsun?','','','Algoritmik Kader Analisti, YZ Etik Uzmanı, Sosyal Puanlama Avukatı','Etik & Politika',NULL,'',46,'2026-03-07T23:49:02.234Z',NULL);
INSERT OR IGNORE INTO "CareerDiscoveryQuestion" ("id","questionNumber","educationLevel","sectionTitle","questionTr","questionEn","questionAr","suggestedJobs","categoryTag","answerOptions","gameContext","sortOrder","createdAt","categoryId") VALUES ('cmmgz5wgu00i43de8mot9pfn3',12,'HIGH','','Yapay zeka düzenlemelerini (AI Act, GDPR gibi) takip ediyor musun? Bu alanda kariyer yapmak ister misin?','','','YZ Politika Uzmanı, Veri Regülasyon Uzmanı, Tekno-Diplomat','Politika & Regülasyon',NULL,'',47,'2026-03-07T23:49:02.239Z',NULL);
INSERT OR IGNORE INTO "CareerDiscoveryQuestion" ("id","questionNumber","educationLevel","sectionTitle","questionTr","questionEn","questionAr","suggestedJobs","categoryTag","answerOptions","gameContext","sortOrder","createdAt","categoryId") VALUES ('cmmgz5wgz00i53de8meygxots',13,'HIGH','','Dijital geçmişini (sosyal medya, fotoğraf, mesajlar) ölümden sonra ne yapılmasını istersin?','','','Dijital Vasiyet Uygulayıcı, After Life Protector, Dijital Miras Hukuk Uzmanı','Dijital Miras',NULL,'',48,'2026-03-07T23:49:02.243Z',NULL);
INSERT OR IGNORE INTO "CareerDiscoveryQuestion" ("id","questionNumber","educationLevel","sectionTitle","questionTr","questionEn","questionAr","suggestedJobs","categoryTag","answerOptions","gameContext","sortOrder","createdAt","categoryId") VALUES ('cmmgz5wh400i63de8ro3yoegx',14,'HIGH','','Otonom araçlar, insansız teslimat sistemleri veya akıllı şehirler hakkında araştırma yapıyor musun?','','','Sürücüsüz Araç Mühendisi, Siber Şehir Analisti, IT/IoT Çözüm Mimarı','Akıllı Şehir',NULL,'',49,'2026-03-07T23:49:02.249Z',NULL);
INSERT OR IGNORE INTO "CareerDiscoveryQuestion" ("id","questionNumber","educationLevel","sectionTitle","questionTr","questionEn","questionAr","suggestedJobs","categoryTag","answerOptions","gameContext","sortOrder","createdAt","categoryId") VALUES ('cmmgz5wh800i73de85rca5snt',15,'HIGH','','Küresel sistemlerin (finans, enerji, ulaşım) entegrasyonu ve güvenliği seni ilgilendiriyor mu?','','','Küresel Sistem Mimarı, Birlikte İşlerlik Mühendisi, Eşik Bilişim Yöneticisi','Sistem Mühendisliği',NULL,'',50,'2026-03-07T23:49:02.253Z',NULL);
INSERT OR IGNORE INTO "CareerDiscoveryQuestion" ("id","questionNumber","educationLevel","sectionTitle","questionTr","questionEn","questionAr","suggestedJobs","categoryTag","answerOptions","gameContext","sortOrder","createdAt","categoryId") VALUES ('cmmgz5whe00i83de8i8mtivvg',16,'HIGH','','İnsanların makineyle ortak çalıştığı hibrit iş ortamlarını tasarlamak ister misin?','','','İnsan-Makine Hibrit Ortam Tasarımcısı, Robot Kabul Uzmanı, İş YZ Analisti','İnsan-Makine Entegrasyonu',NULL,'',51,'2026-03-07T23:49:02.258Z',NULL);
INSERT OR IGNORE INTO "CareerDiscoveryQuestion" ("id","questionNumber","educationLevel","sectionTitle","questionTr","questionEn","questionAr","suggestedJobs","categoryTag","answerOptions","gameContext","sortOrder","createdAt","categoryId") VALUES ('cmmgz5whj00i93de8mbmem2vg',17,'HIGH','','Kuantum hesaplama veya uzay ekonomisi alanında kariyer yapmak ne kadar gerçekçi görünüyor sana?','','','Kuantum ML Analisti, Uzay Kâşifi, Kuantum Kriptograf','İleri Bilim',NULL,'',52,'2026-03-07T23:49:02.264Z',NULL);
INSERT OR IGNORE INTO "CareerDiscoveryQuestion" ("id","questionNumber","educationLevel","sectionTitle","questionTr","questionEn","questionAr","suggestedJobs","categoryTag","answerOptions","gameContext","sortOrder","createdAt","categoryId") VALUES ('cmmgz5whp00ia3de8cttfee8u',18,'HIGH','','Dezenformasyon kampanyalarını ve bot ağlarını tespit edip çözme konusunda teknik bilgiye sahip misin?','','','Trol Yuvası Tespit Uzmanı, Seçim Botu Avcısı, Dezenformasyon Analisti','Medya Güvenliği',NULL,'',53,'2026-03-07T23:49:02.269Z',NULL);
INSERT OR IGNORE INTO "CareerDiscoveryQuestion" ("id","questionNumber","educationLevel","sectionTitle","questionTr","questionEn","questionAr","suggestedJobs","categoryTag","answerOptions","gameContext","sortOrder","createdAt","categoryId") VALUES ('cmmgz5wht00ib3de8fhzf23gk',19,'HIGH','','Girişim kurmak mı yoksa kurumsal yapılarda çalışmak mı seni daha çok heyecanlandırıyor?','','','Startup Ekosistemi, Organizasyon Bölütleyici, İnovasyon Direktörü','Girişimcilik',NULL,'',54,'2026-03-07T23:49:02.274Z',NULL);
INSERT OR IGNORE INTO "CareerDiscoveryQuestion" ("id","questionNumber","educationLevel","sectionTitle","questionTr","questionEn","questionAr","suggestedJobs","categoryTag","answerOptions","gameContext","sortOrder","createdAt","categoryId") VALUES ('cmmgz5why00ic3de82mii28wa',20,'HIGH','','Şu anda en çok hangi beceriyi geliştirmek için vakit harcıyorsun? Bu beceri hangi geleceğin mesleğiyle örtüşüyor?','','','Tüm Kategoriler','Kariyer Haritalama',NULL,'',55,'2026-03-07T23:49:02.279Z',NULL);
